Institution_Year_Key,Institution,Year,STATE,Private,Carnegie R1,MEDSCHOOL,Urbanicity (cat),Land-Grant Institution,Stem program,Type,Med,LG,n_sentences,n_words,Mean_Tone_Score,Median_Tone_Score,supportive_share,neutral_share,restrictive_share,supportive_per_1000w,restrictive_per_1000w,sanction_per_1000w,second_person_per_1000w,inclusive_we_per_1000w,obligation_modal_share,mean_sentence_length,long_sentence_share,procedural_share,legalese_per_1000w,iptech_per_1000w,madey2002_per_1000w,roche2011_per_1000w,Tone_Index,Clarity_Index,Legal_Load_Index
Albert Einstein/Yeshiva || 1985,Albert Einstein/Yeshiva,1985,NY,1,0,1,Urban,0,1,Private R2,Y,N,49,2091,0.33043059434183675,0.28108880300000005,0.16326530612244897,0.30612244897959184,0.5306122448979592,3.3476805356288857,17.21664275466284,0.0,0.0,0.0,0.8529411764705882,42.673469387755105,0.5306122448979592,0.1836734693877551,1.4347202295552368,58.8235294117647,0.0,0.9564801530368245,-0.2964829331610327,-0.25026349141556115,1.0311445209106187
Albert Einstein/Yeshiva || 2015,Albert Einstein/Yeshiva,2015,NY,1,0,1,Urban,0,1,Private R2,Y,N,77,2472,0.3949666996428572,0.455774045,0.23376623376623376,0.2987012987012987,0.4675324675324675,2.8317152103559873,22.249190938511326,0.0,0.0,0.0,0.898876404494382,32.103896103896105,0.4025974025974026,0.15584415584415584,2.4271844660194173,50.970873786407765,0.0,2.0226537216828477,-0.5418655266626488,0.38435858271750645,1.150078617059557
Albert Einstein/Yeshiva || 2018,Albert Einstein/Yeshiva,2018,NY,1,0,1,Urban,0,1,Private R2,Y,N,81,2979,0.37936325488271605,0.455774045,0.2345679012345679,0.2839506172839506,0.48148148148148145,2.3497818059751596,20.476670023497817,0.3356831151393085,0.0,0.0,0.8958333333333334,36.77777777777778,0.48148148148148145,0.18518518518518517,1.342732460557234,43.3031218529708,0.3356831151393085,1.6784155756965424,-0.6694770268511924,0.13067279600234452,0.47739997428077124
Arizona State University || 2001,Arizona State University,2001,AZ,0,1,1,Urban,0,1,Public R1,Y,N,41,1646,0.46328336728048775,0.496109105,0.12195121951219512,0.6829268292682927,0.1951219512195122,1.215066828675577,1.215066828675577,0.0,0.0,6.075334143377886,0.5,40.146341463414636,0.4878048780487805,0.12195121951219512,0.0,34.629404617253954,0.0,0.0,1.2041468712075174,-0.34256029903836765,-0.32809091216071296
Arizona State University || 2003,Arizona State University,2003,AZ,0,1,1,Urban,0,1,Public R1,Y,N,55,1819,0.4672210503181818,0.49593759200000004,0.09090909090909091,0.7454545454545455,0.16363636363636364,1.6492578339747115,1.0995052226498077,0.0,0.5497526113249038,7.146783947223749,0.4444444444444444,33.07272727272727,0.4,0.14545454545454545,0.0,32.985156679494224,0.0,0.0,1.5096057256283206,0.2989229897753907,-0.3830118045813741
Arizona State University || 2007,Arizona State University,2007,AZ,0,1,1,Urban,0,1,Public R1,Y,N,86,2439,0.4563980838023256,0.49484472325,0.08139534883720931,0.7209302325581395,0.19767441860465115,2.050020500205002,2.050020500205002,1.2300123001230012,0.0,5.740057400574006,0.6,28.36046511627907,0.23255813953488372,0.18604651162790697,0.4100041000410004,28.700287002870027,1.2300123001230012,0.0,0.5511065159402365,1.137102141106667,-0.368642775266781
Arizona State University || 2018,Arizona State University,2018,AZ,0,1,1,Urban,0,1,Public R1,Y,N,89,3872,0.32285154121292137,0.344520215,0.11235955056179775,0.3595505617977528,0.5280898876404494,1.8078512396694215,10.847107438016529,0.2582644628099174,0.0,0.0,0.5934065934065934,43.50561797752809,0.5617977528089888,0.14606741573033707,1.2913223140495869,17.303719008264466,0.0,4.9070247933884295,-0.022497515458936117,-0.5550958121483569,-0.41077545580576885
Arizona State University || 2025,Arizona State University,2025,AZ,0,1,1,Urban,0,1,Public R1,Y,N,110,3820,0.3717454720590909,0.460908555,0.08181818181818182,0.5818181818181818,0.33636363636363636,3.4031413612565444,11.518324607329843,0.26178010471204194,0.0,0.0,0.6068376068376068,34.72727272727273,0.4090909090909091,0.20909090909090908,1.0471204188481678,5.7591623036649215,0.0,2.617801047120419,0.06784812108838816,0.5254569956961247,-0.8901880706903942
Auburn University || 2012,Auburn University,2012,AL,0,1,1,Semi-Urban,1,1,Public R1,Y,Y,82,2737,0.4624635068932927,0.4951153715,0.25609756097560976,0.4024390243902439,0.34146341463414637,2.192181220314213,9.864815491413957,0.7307270734380709,0.36536353671903543,0.0,0.5306122448979592,33.3780487804878,0.4878048780487805,0.17073170731707318,1.826817683595177,39.45926196565583,0.36536353671903543,5.845816587504567,-0.04618439061392987,0.18259451250124184,0.5349557145239143
Ball State University || 2008,Ball State University,2008,IN,0,0,0,Semi-Urban,0,1,Public R2,N,N,39,820,0.49222795953205134,0.497820126,0.1282051282051282,0.7435897435897436,0.1282051282051282,0.0,4.878048780487805,0.0,0.0,0.0,0.5384615384615384,21.025641025641026,0.15384615384615385,0.1794871794871795,0.0,30.48780487804878,0.0,2.4390243902439024,0.18582060617477483,1.614864448660524,-0.4664279284359093
Ball State University || 2013,Ball State University,2013,IN,0,0,0,Semi-Urban,0,1,Public R2,N,N,282,10231,0.4275263259751773,0.48709408,0.2198581560283688,0.3617021276595745,0.41843971631205673,2.2480695924152085,9.285504838236731,0.2932264685758968,0.0,0.0,0.5307017543859649,36.280141843971634,0.4858156028368794,0.13829787234042554,1.466132342879484,29.127162545205746,0.2932264685758968,5.278076434366143,0.1214080229138672,-0.09509611687344655,0.051297559563643666
Baylor College of Medicine || 1995,Baylor College of Medicine,1995,TX,1,1,1,Urban,0,1,Private R1,Y,N,10,180,0.46862240645000003,0.487586329,0.2,0.5,0.3,5.555555555555555,0.0,0.0,0.0,0.0,0.5,18.0,0.0,0.0,0.0,50.0,0.0,0.0,0.8222220166507661,1.2442544165693608,0.18531512355399538
Baylor College of Medicine || 2001,Baylor College of Medicine,2001,TX,1,1,1,Urban,0,1,Private R1,Y,N,227,9024,0.30601353226123346,0.30750672,0.09691629955947137,0.3832599118942731,0.5198237885462555,2.105496453900709,24.601063829787236,0.3324468085106383,0.0,0.0,0.7276119402985075,39.75330396475771,0.5947136563876652,0.12334801762114538,3.6569148936170213,13.51950354609929,0.11081560283687943,1.7730496453900708,-0.5986330991073173,-0.5997604360700132,0.3715005603207027
Boston University || 2000,Boston University,2000,MA,1,1,1,Urban,0,1,Private R1,Y,N,45,1669,0.4073527005888889,0.48694475200000004,0.13333333333333333,0.5111111111111111,0.35555555555555557,3.59496704613541,20.37147992810066,1.797483523067705,0.0,0.0,0.7073170731707317,37.08888888888889,0.5111111111111111,0.1111111111111111,4.1941282204913115,33.55302576393049,0.0,1.1983223487118035,-0.9604954002212828,-0.3312759098953519,1.2470122565569552
Boston University || 2017,Boston University,2017,MA,1,1,1,Urban,0,1,Private R1,Y,N,80,2600,0.46249927231875,0.4944039825,0.225,0.4375,0.3375,3.4615384615384617,10.0,0.0,0.0,0.0,0.8064516129032258,32.5,0.475,0.0875,0.0,26.923076923076923,0.38461538461538464,6.538461538461538,-0.019015202833977785,-0.16461611655688527,-0.5854963706263727
Brandeis University || 1990,Brandeis University,1990,MA,1,1,0,Urban,0,1,Private R1,N,N,59,1846,0.39189050214830506,0.468043003,0.1864406779661017,0.4067796610169492,0.4067796610169492,5.417118093174431,27.6273022751896,0.0,0.0,0.0,0.6323529411764706,31.28813559322034,0.4406779661016949,0.1864406779661017,0.5417118093174431,54.17118093174431,0.0,2.7085590465872156,-0.15932967882320526,0.4716403332493238,0.532723535607091
Brandeis University || 2004,Brandeis University,2004,MA,1,1,0,Urban,0,1,Private R1,N,N,103,3542,0.4000115603446602,0.484176306,0.22330097087378642,0.3300970873786408,0.44660194174757284,6.775832862789385,17.221908526256353,0.0,0.0,0.0,0.6190476190476191,34.38834951456311,0.44660194174757284,0.18446601941747573,2.82326369282891,10.163749294184075,0.0,2.82326369282891,0.26983295530021695,0.3176548621243184,-0.060811399596347404
Brandeis University || 2020,Brandeis University,2020,MA,1,1,0,Urban,0,1,Private R1,N,N,129,5136,0.32838245390891474,0.361177024,0.13953488372093023,0.37209302325581395,0.4883720930232558,3.6993769470404985,18.496884735202492,0.19470404984423675,0.0,0.19470404984423675,0.696,39.81395348837209,0.5581395348837209,0.18604651162790697,2.5311526479750777,16.355140186915886,0.19470404984423675,3.115264797507788,-0.16944211061383332,-0.19202777507957927,0.03378616705825577
Brigham Young University || 1991,Brigham Young University,1991,UT,1,1,0,Semi-Urban,0,1,Private R1,N,N,186,6055,0.3770543087177419,0.479631627,0.17204301075268819,0.41935483870967744,0.40860215053763443,8.092485549132947,9.083402146985962,0.0,0.0,0.0,0.6619718309859155,32.553763440860216,0.44086021505376344,0.13440860215053763,0.6606110652353427,8.587943848059455,0.0,3.137902559867878,0.5595263695284132,0.15786544074790856,-0.944168265405133
Brigham Young University || 2019,Brigham Young University,2019,UT,1,1,0,Semi-Urban,0,1,Private R1,N,N,96,3162,0.34688966058854165,0.45816889699999996,0.11458333333333333,0.4583333333333333,0.4270833333333333,2.5300442757748263,9.803921568627452,0.3162555344718533,0.0,0.0,0.64,32.9375,0.46875,0.15625,3.795066413662239,12.966476913345984,0.3162555344718533,5.376344086021506,-0.01699063434091266,0.178263505369303,0.4060954722149901
Brown University || 1981,Brown University,1981,RI,1,1,1,Urban,0,1,Private R1,Y,N,67,2238,0.5253335303768657,0.500669535,0.2835820895522388,0.44776119402985076,0.26865671641791045,3.5746201966041107,8.936550491510276,0.0,0.0,0.44682752457551383,0.675,33.40298507462686,0.5373134328358209,0.1044776119402985,0.44682752457551383,38.8739946380697,0.0,0.44682752457551383,0.2410186175522656,-0.2804461656193098,-0.014677626875905903
Brown University || 2005,Brown University,2005,RI,1,1,1,Urban,0,1,Private R1,Y,N,105,3662,0.4889574761857143,0.500320228,0.2761904761904762,0.4380952380952381,0.2857142857142857,1.9115237575095578,9.011469142545057,0.27307482250136533,0.0,0.0,0.7469879518072289,34.87619047619047,0.5142857142857142,0.06666666666666667,0.0,28.94593118514473,0.0,2.1845985800109227,-0.1581432178961993,-0.47064555293133115,-0.5179293335887162
Brown University || 2021,Brown University,2021,RI,1,1,1,Urban,0,1,Private R1,Y,N,97,3004,0.45814766684020614,0.499033777,0.23711340206185566,0.44329896907216493,0.31958762886597936,2.996005326231691,12.649800266311585,0.6657789613848203,0.0,0.0,0.7402597402597403,30.969072164948454,0.3917525773195876,0.08247422680412371,0.6657789613848203,29.96005326231691,0.0,0.9986684420772304,-0.3376648740110111,0.09208590954118094,-0.22831556806879316
California Institute of Technology || 1925,California Institute of Technology,1925,CA,1,1,1,Urban,0,1,Private R1,Y,N,1,77,0.021657021999999998,0.021657021999999998,0.0,0.0,1.0,0.0,12.987012987012989,0.0,0.0,0.0,0.0,77.0,1.0,1.0,0.0,25.974025974025977,0.0,0.0,0.6194684249268484,1.1868938132554903,-0.6171964104303271
California Institute of Technology || 1944,California Institute of Technology,1944,CA,1,1,1,Urban,0,1,Private R1,Y,N,23,1135,0.2720931173586957,0.036771232,0.08695652173913043,0.34782608695652173,0.5652173913043478,0.881057268722467,13.215859030837004,0.0,0.881057268722467,0.0,0.7142857142857143,49.34782608695652,0.5217391304347826,0.08695652173913043,7.048458149779736,25.55066079295154,0.0,2.643171806167401,-0.10446321745947766,-0.9885328320216447,2.0761290374888803
California Institute of Technology || 1945,California Institute of Technology,1945,CA,1,1,1,Urban,0,1,Private R1,Y,N,26,672,0.41623548745192307,0.4977269045,0.23076923076923078,0.38461538461538464,0.38461538461538464,1.488095238095238,13.392857142857142,0.0,0.0,0.0,0.2,25.846153846153847,0.3076923076923077,0.11538461538461539,0.0,35.714285714285715,0.0,0.0,0.47826267917825716,0.6900171701727279,-0.29185389665289907
California Institute of Technology || 1947,California Institute of Technology,1947,CA,1,1,1,Urban,0,1,Private R1,Y,N,13,604,0.28027588034615386,0.035669535,0.07692307692307693,0.38461538461538464,0.5384615384615384,1.6556291390728477,13.245033112582782,0.0,0.0,0.0,0.5,46.46153846153846,0.5384615384615384,0.15384615384615385,6.622516556291391,26.490066225165563,0.0,1.6556291390728477,0.12267077221988727,-0.5774373664552367,1.943893436382373
California Institute of Technology || 1962,California Institute of Technology,1962,CA,1,1,1,Urban,0,1,Private R1,Y,N,3,129,0.4959818329999999,0.49765062299999996,0.3333333333333333,0.3333333333333333,0.3333333333333333,0.0,15.503875968992247,0.0,0.0,0.0,1.0,43.0,1.0,0.0,0.0,31.007751937984494,0.0,7.751937984496124,-0.6984686565124046,-2.416038606597675,-0.4490607443954807
California Institute of Technology || 1968,California Institute of Technology,1968,CA,1,1,1,Urban,0,1,Private R1,Y,N,38,1138,0.43466137196710525,0.495061332,0.23684210526315788,0.39473684210526316,0.3684210526315789,0.8787346221441125,10.54481546572935,0.0,0.0,0.0,0.5806451612903226,29.94736842105263,0.47368421052631576,0.02631578947368421,0.8787346221441125,44.81546572934974,0.0,2.6362038664323375,0.03864591434508935,-0.3620205995791652,0.34968333217706304
California Institute of Technology || 1998,California Institute of Technology,1998,CA,1,1,1,Urban,0,1,Private R1,Y,N,56,1960,0.5606192516875,0.503120863,0.4642857142857143,0.21428571428571427,0.32142857142857145,6.122448979591836,14.285714285714285,0.0,0.0,0.0,0.6086956521739131,35.0,0.4642857142857143,0.16071428571428573,1.530612244897959,34.183673469387756,0.0,2.0408163265306123,0.3158607544764772,0.1268370122979944,0.24496242275120653
California Institute of Technology || 2003,California Institute of Technology,2003,CA,1,1,1,Urban,0,1,Private R1,Y,N,61,2164,0.5464379665614754,0.50155033,0.4426229508196721,0.21311475409836064,0.3442622950819672,6.007393715341959,13.401109057301294,0.0,0.0,0.0,0.6226415094339622,35.47540983606557,0.4918032786885246,0.14754098360655737,1.8484288354898337,39.27911275415896,0.0,1.8484288354898337,0.3150606642239256,-0.031106720766744516,0.5372397160761748
California Institute of Technology || 2007,California Institute of Technology,2007,CA,1,1,1,Urban,0,1,Private R1,Y,N,77,2743,0.5494957745649351,0.502334988,0.44155844155844154,0.22077922077922077,0.33766233766233766,5.833029529711994,11.666059059423988,0.0,0.0,0.0,0.6176470588235294,35.62337662337662,0.44155844155844154,0.12987012987012986,1.093693036820999,42.65402843601896,0.0,1.093693036820999,0.35787031627077653,0.006008088118922584,0.3600575870150492
California Institute of Technology || 2023,California Institute of Technology,2023,CA,1,1,1,Urban,0,1,Private R1,Y,N,207,6584,0.4689234790096618,0.497632912,0.2463768115942029,0.4396135265700483,0.3140096618357488,5.1640340218712035,11.391251518833537,0.0,0.0,0.0,0.5960264900662252,31.806763285024154,0.42995169082125606,0.14492753623188406,0.0,6.37910085054678,0.0,0.7594167679222358,0.3390524660361087,0.2701872300041492,-1.2717027959841891
Carnegie Mellon University || 1985,Carnegie Mellon University,1985,PA,1,1,1,Urban,0,1,Private R1,Y,N,70,4626,0.45572838329285714,0.4918019965,0.3142857142857143,0.3,0.38571428571428573,2.3778642455685257,11.456982274102895,0.0,0.0,0.0,0.775,66.08571428571429,0.7,0.24285714285714285,0.8646779074794638,5.620406398616515,0.0,6.917423259835711,-0.10941406077633263,-1.3687634131238602,-0.9649029227839399
Case Western Reserve University || 2003,Case Western Reserve University,2003,OH,1,1,1,Urban,0,1,Private R1,Y,N,81,3297,0.5219447761037037,0.497545937,0.38271604938271603,0.25925925925925924,0.35802469135802467,5.45950864422202,15.468607825295724,0.3033060357901122,0.0,0.0,0.6818181818181818,40.7037037037037,0.5555555555555556,0.14814814814814814,1.213224143160449,9.40248710949348,0.3033060357901122,3.033060357901122,0.006653102123419574,-0.4121121157278671,-0.7046902837236827
Clemson University || 1991,Clemson University,1991,SC,0,1,0,Rural,1,1,Public R1,N,Y,67,2525,0.49742432547761195,0.49711240500000003,0.23880597014925373,0.5074626865671642,0.2537313432835821,4.356435643564357,9.504950495049505,0.0,0.0,0.0,0.7,37.6865671641791,0.44776119402985076,0.11940298507462686,0.0,54.257425742574256,1.5841584158415842,2.376237623762376,0.1997914368653624,-0.14828074810123218,0.3275209404671392
Clemson University || 2009,Clemson University,2009,SC,0,1,0,Rural,1,1,Public R1,N,Y,157,5611,0.3948167194012739,0.485220669,0.16560509554140126,0.445859872611465,0.3885350318471338,2.49509891284976,14.614150775262877,0.0,0.0,0.0,0.6693548387096774,35.738853503184714,0.4585987261146497,0.1337579617834395,1.6039921582605596,25.30743183033327,0.8911067545891997,3.0297629656032794,-0.06059205297312654,-0.02400037546129238,-0.023333477702479746
Clemson University || 2016,Clemson University,2016,SC,0,1,0,Rural,1,1,Public R1,N,Y,167,6291,0.39587103021706593,0.485220669,0.16766467065868262,0.4491017964071856,0.38323353293413176,1.4306151645207439,13.511365442695915,0.1589572405023049,0.0,0.1589572405023049,0.6507936507936508,37.67065868263473,0.46107784431137727,0.12574850299401197,1.2716579240184391,24.79732951835956,0.7947862025115244,3.3381020505484025,-0.1391652637829507,-0.15075222869121638,-0.16802866228263347
Clemson University || 2025,Clemson University,2025,SC,0,1,0,Rural,1,1,Public R1,N,Y,161,6282,0.41039587685869566,0.48871757800000004,0.20496894409937888,0.40372670807453415,0.391304347826087,2.0694046482012096,13.212352753900031,0.1591849729385546,0.0,0.0,0.656,39.01863354037267,0.484472049689441,0.13043478260869565,1.2734797835084368,24.83285577841452,0.795924864692773,3.6612543775867556,-0.10575164204372478,-0.244532342401696,-0.16614220413809547
Colorado State University || 2000,Colorado State University,2000,CO,0,1,0,Semi-Urban,1,1,Public R1,N,Y,123,3913,0.32504425342642274,0.22662389,0.17073170731707318,0.2682926829268293,0.5609756097560976,5.111167901865576,16.355737285969845,0.7666751852798365,0.0,0.0,0.7070707070707071,31.8130081300813,0.3821138211382114,0.04878048780487805,3.066700741119346,13.544594939943778,0.2555583950932788,3.833375926399182,-0.27792529579348985,-0.08651267552142212,0.1456245203917247
Colorado State University || 2007,Colorado State University,2007,CO,0,1,0,Semi-Urban,1,1,Public R1,N,Y,63,2280,0.49833129553968253,0.498383283,0.2222222222222222,0.5555555555555556,0.2222222222222222,4.385964912280701,8.333333333333334,0.4385964912280702,0.0,0.4385964912280702,0.38596491228070173,36.19047619047619,0.3492063492063492,0.14285714285714285,0.8771929824561404,45.6140350877193,0.4385964912280702,3.5087719298245617,0.4938199678858391,0.2898998434753704,0.3757648338049475
Columbia University || 1989,Columbia University,1989,NY,1,1,1,Urban,0,1,Private R1,Y,N,142,4057,0.5344964496073943,0.4990597895,0.2887323943661972,0.5,0.2112676056338028,2.464875523786049,6.408676361843727,0.24648755237860487,0.0,0.24648755237860487,0.5596330275229358,28.570422535211268,0.3591549295774648,0.1267605633802817,1.971900419028839,18.979541533152577,0.0,0.0,0.23789844668299773,0.49906128401297756,-0.09337500941239621
Creighton University || 2002,Creighton University,2002,NE,1,0,1,Urban,0,1,Private R2,Y,N,307,8645,0.35918432760993485,0.462491974,0.11074918566775244,0.46905537459283386,0.4201954397394137,2.776171197223829,16.657027183342976,0.3470213996529786,0.3470213996529786,0.0,0.7738693467336684,28.15960912052117,0.32247557003257327,0.06840390879478828,1.3880855986119145,19.548872180451127,0.0,4.279930595720069,-0.3371686943899413,0.3198081128285423,-0.2986143384194654
Creighton University || 2019,Creighton University,2019,NE,1,0,1,Urban,0,1,Private R2,Y,N,106,3590,0.3148984836476415,0.35764383475,0.10377358490566038,0.42452830188679247,0.4716981132075472,2.5069637883008355,20.891364902506965,1.1142061281337048,0.8356545961002785,0.0,0.8,33.867924528301884,0.4716981132075472,0.08490566037735849,0.8356545961002785,23.119777158774372,0.0,6.685236768802228,-0.7888010217427337,-0.22567580220812203,-0.3915403781791739
Dartmouth College || 1996,Dartmouth College,1996,NH,1,1,1,Rural,0,1,Private R1,Y,N,31,786,0.44148549432258066,0.49659524200000005,0.22580645161290322,0.41935483870967744,0.3548387096774194,2.544529262086514,7.633587786259541,0.0,0.0,0.0,0.8333333333333334,25.35483870967742,0.25806451612903225,0.0967741935483871,0.0,53.43511450381679,0.0,3.8167938931297707,-0.057119790628470335,0.7473098516300043,0.300054239099928
Dartmouth College || 2009,Dartmouth College,2009,NH,1,1,1,Rural,0,1,Private R1,Y,N,32,790,0.44861723566406253,0.49614702,0.25,0.40625,0.34375,2.5316455696202533,7.594936708860759,0.0,0.0,0.0,0.8333333333333334,24.6875,0.25,0.09375,0.0,54.43037974683544,0.0,3.7974683544303796,-0.057027519649112325,0.7809794519605392,0.33329792095993105
Dartmouth College || 2016,Dartmouth College,2016,NH,1,1,1,Rural,0,1,Private R1,Y,N,194,7992,0.4524463159806701,0.49838730899999995,0.20618556701030927,0.4896907216494845,0.30412371134020616,1.2512512512512513,14.764764764764765,1.001001001001001,0.0,0.0,0.84375,41.1958762886598,0.5051546391752577,0.06701030927835051,1.3763763763763763,34.28428428428428,0.8758758758758759,2.3773773773773774,-0.8124772062930125,-0.7069990523398514,0.1890776446606601
Dartmouth College || 2019,Dartmouth College,2019,NH,1,1,1,Rural,0,1,Private R1,Y,N,196,8015,0.44683313440178574,0.4976948045,0.1989795918367347,0.4897959183673469,0.3112244897959184,1.2476606363069245,14.722395508421709,0.9981285090455397,0.0,0.0,0.84375,40.892857142857146,0.47959183673469385,0.07142857142857142,1.372426699937617,34.310667498440424,0.7485963817841547,2.3705552089831565,-0.8102945249002556,-0.6052180829207717,0.18844173540331444
Drexel University || 2004,Drexel University,2004,PA,1,1,1,Urban,0,1,Private R1,Y,N,109,3505,0.46142763676834864,0.495255521,0.24770642201834864,0.44036697247706424,0.3119266055045872,3.994293865905849,19.115549215406563,0.28530670470756064,0.0,0.0,0.8058252427184466,32.15596330275229,0.42201834862385323,0.10091743119266056,1.1412268188302426,45.6490727532097,0.28530670470756064,3.138373751783167,-0.36399414498132837,0.055914780573750565,0.47835631555488944
Drexel University || 2005,Drexel University,2005,PA,1,1,1,Urban,0,1,Private R1,Y,N,109,3494,0.4600804502981652,0.495255521,0.24770642201834864,0.44036697247706424,0.3119266055045872,4.0068689181453925,19.17572982255295,0.28620492272467085,0.0,0.0,0.8058252427184466,32.055045871559635,0.44036697247706424,0.10091743119266056,1.4310246136233542,45.792787635947334,0.28620492272467085,3.1482541499713794,-0.36512541560178463,0.011957530727896182,0.5944743141663584
Drexel University || 2018,Drexel University,2018,PA,1,1,1,Urban,0,1,Private R1,Y,N,113,4478,0.4542192568097345,0.495866974,0.30973451327433627,0.2920353982300885,0.39823008849557523,2.9030817329164806,7.592675301473872,0.0,0.0,0.0,0.8163265306122449,39.6283185840708,0.5575221238938053,0.07964601769911504,2.009825815096025,31.040643144260834,0.0,3.796337650736936,-0.005958846755527676,-0.716062075861668,0.32405584569265355
Duke University || 1990,Duke University,1990,NC,1,1,1,Urban,0,1,Private R1,Y,N,93,3196,0.5075584490360215,0.499425035,0.3225806451612903,0.3870967741935484,0.2903225806451613,5.006257822277847,15.018773466833542,0.31289111389236546,0.0,0.0,0.7125,34.365591397849464,0.46236559139784944,0.21505376344086022,1.8773466833541927,36.60826032540676,4.380475594493117,2.816020025031289,-0.058944536092044086,0.43056557943105767,0.4591363300656144
Duke University || 1997,Duke University,1997,NC,1,1,1,Urban,0,1,Private R1,Y,N,96,3668,0.529842645390625,0.5006166780000001,0.28125,0.5104166666666666,0.20833333333333334,6.270447110141767,16.357688113413307,0.27262813522355506,0.0,0.0,0.7415730337078652,38.208333333333336,0.5,0.23958333333333334,4.907306434023991,31.079607415485277,1.3631406761177753,1.9083969465648853,-0.015306142760948957,0.29545054658517705,1.4383428720512355
Duke University || 2016,Duke University,2016,NC,1,1,1,Urban,0,1,Private R1,Y,N,129,4262,0.5561494777112402,0.5002713639999999,0.32558139534883723,0.4496124031007752,0.2248062015503876,5.631159080244017,15.016424213984044,0.23463162834350068,0.0,0.0,0.7433628318584071,33.03875968992248,0.4728682170542636,0.16279069767441862,3.754106053496011,33.0830595964336,5.631159080244017,3.050211168465509,-0.01342845462547082,0.19604633279188188,1.0622924072592457
Duke University || 2022,Duke University,2022,NC,1,1,1,Urban,0,1,Private R1,Y,N,145,4338,0.5702842367206896,0.5011017999999999,0.35172413793103446,0.45517241379310347,0.19310344827586207,5.763024435223605,13.600737667127708,0.2305209774089442,0.0,0.0,0.7321428571428571,29.917241379310344,0.4206896551724138,0.15862068965517243,3.457814661134163,35.26970954356847,7.837713231904103,2.7662517289073305,0.05418243898280021,0.4414728644670629,1.0215185292690796
East Carolina University || 2012,East Carolina University,2012,NC,0,1,1,Semi-Urban,0,1,Public R1,Y,N,92,3706,0.3910529765081522,0.46488949249999995,0.17391304347826086,0.3804347826086957,0.44565217391304346,3.7776578521316786,17.269293038316246,0.0,0.0,0.0,0.6136363636363636,40.28260869565217,0.5652173913043478,0.1956521739130435,2.1586616297895307,48.03022126281705,0.0,4.317323259579061,0.03434478491304491,-0.1818798661640363,0.9487099548390098
East Carolina University || 2013,East Carolina University,2013,NC,0,1,1,Semi-Urban,0,1,Public R1,Y,N,82,3729,0.390841124472561,0.47046730999999997,0.2073170731707317,0.3170731707317073,0.47560975609756095,3.7543577366586214,15.553767766157145,0.0,0.0,0.0,0.575,45.47560975609756,0.6341463414634146,0.23170731707317074,2.413515687851971,48.27031375703942,0.0,4.827031375703942,0.1305884459654271,-0.39731480764270666,1.0546244901946689
East Carolina University || 2021,East Carolina University,2021,NC,0,1,1,Semi-Urban,0,1,Public R1,Y,N,100,3440,0.4044898749625,0.49409162,0.2,0.43,0.37,4.3604651162790695,17.151162790697676,0.29069767441860467,0.0,0.0,0.5476190476190477,34.4,0.43,0.18,2.3255813953488373,52.03488372093023,0.29069767441860467,5.523255813953488,0.041737027279506955,0.3383438838560871,1.146590540405555
Emory University || 1990,Emory University,1990,GA,1,1,1,Urban,0,1,Private R1,Y,N,36,1162,0.5342022590277778,0.4993124705,0.4166666666666667,0.2777777777777778,0.3055555555555556,3.442340791738382,36.144578313253014,0.0,0.0,0.0,0.9038461538461539,32.27777777777778,0.4722222222222222,0.1111111111111111,1.721170395869191,44.75043029259896,0.0,0.0,-0.9042398270718817,-0.02975915417866004,0.6711089978127325
Emory University || 2002,Emory University,2002,GA,1,1,1,Urban,0,1,Private R1,Y,N,173,5450,0.44764737692919077,0.498275625,0.18497109826589594,0.5086705202312138,0.3063583815028902,3.302752293577982,15.229357798165138,0.0,0.1834862385321101,0.1834862385321101,0.7988826815642458,31.502890173410403,0.37572254335260113,0.12716763005780346,1.834862385321101,12.293577981651376,0.0,2.7522935779816518,-0.13070453519568997,0.33604400869213924,-0.3693377366462237
Emory University || 2011,Emory University,2011,GA,1,1,1,Urban,0,1,Private R1,Y,N,128,3845,0.4528001171875,0.4984152755,0.1875,0.53125,0.28125,2.3407022106631987,15.864759427828348,0.0,0.7802340702210664,0.0,0.7933884297520661,30.0390625,0.4140625,0.09375,2.3407022106631987,13.784135240572171,0.0,2.6007802340702213,-0.17445798988550312,0.1286338202009687,-0.1252462766125117
Emory University || 2015,Emory University,2015,GA,1,1,1,Urban,0,1,Private R1,Y,N,128,3956,0.45738271634960936,0.498306182,0.1875,0.5390625,0.2734375,2.2750252780586453,15.419615773508594,0.0,0.0,0.0,0.7933884297520661,30.90625,0.421875,0.09375,2.2750252780586453,14.155712841253791,0.0,2.7805864509605662,-0.256124967148769,0.07217979684762825,-0.13806284756510218
Florida Atlantic University || 1998,Florida Atlantic University,1998,FL,0,1,1,Semi-Urban,0,1,Public R1,Y,N,54,1756,0.47974555636111116,0.498379593,0.3148148148148148,0.35185185185185186,0.3333333333333333,3.416856492027335,15.375854214123008,0.0,0.0,0.0,0.6607142857142857,32.51851851851852,0.5555555555555556,0.14814814814814814,0.5694760820045558,47.26651480637813,0.0,0.5694760820045558,0.001991348808291957,-0.0727294049184873,0.3127599048575158
Florida Atlantic University || 2001,Florida Atlantic University,2001,FL,0,1,1,Semi-Urban,0,1,Public R1,Y,N,411,13726,0.39876681543856446,0.483627399,0.17518248175182483,0.44768856447688565,0.3771289537712895,4.516975083782603,14.93515955121667,0.2185633105056098,1.6756520472096752,0.2185633105056098,0.6790123456790124,33.39659367396594,0.46228710462287104,0.1630170316301703,1.384234299868862,22.512020982077807,0.14570887367040652,3.6427218417601632,0.2059362969223096,0.21010582778666817,-0.20111910960007895
Florida Atlantic University || 2011,Florida Atlantic University,2011,FL,0,1,1,Semi-Urban,0,1,Public R1,Y,N,419,13338,0.4241779491686158,0.491878268,0.1909307875894988,0.4677804295942721,0.3412887828162291,5.023241865347129,13.870145449092817,0.2249212775528565,1.49947518368571,0.14994751836857098,0.6966666666666667,31.832935560859188,0.38902147971360385,0.17899761336515513,1.1995801469485678,23.616734143049932,0.14994751836857098,4.198530514319988,0.2241258194522735,0.5472735906594312,-0.23514935737421427
Florida Atlantic University || 2013,Florida Atlantic University,2013,FL,0,1,1,Semi-Urban,0,1,Public R1,Y,N,336,11078,0.40827914109419644,0.47760766649999997,0.21428571428571427,0.3869047619047619,0.39880952380952384,5.145333092615996,15.435999277847987,0.2708070048745261,0.0,0.09026900162484203,0.693950177935943,32.970238095238095,0.4375,0.15773809523809523,1.3540350243726305,23.289402419209246,0.18053800324968405,3.339953060119155,-0.00737224695411258,0.26635657567934556,-0.186753346762662
Florida Atlantic University || 2020,Florida Atlantic University,2020,FL,0,1,1,Semi-Urban,0,1,Public R1,Y,N,327,11056,0.3875904372003058,0.46212091,0.19877675840978593,0.3547400611620795,0.44648318042813456,4.974674384949348,16.190303907380606,0.2713458755426918,0.0,0.09044862518089725,0.7027972027972028,33.81039755351682,0.42201834862385323,0.1559633027522936,1.447178002894356,21.798118668596235,0.1808972503617945,2.984804630969609,-0.054298955522550624,0.2632440155329638,-0.20078670413230235
Florida State University || 1991,Florida State University,1991,FL,0,1,1,Urban,0,1,Public R1,Y,N,139,4715,0.36698254628057553,0.467621271,0.1223021582733813,0.43884892086330934,0.43884892086330934,3.3934252386002117,15.906680805938493,0.42417815482502647,0.0,0.0,0.7058823529411765,33.92086330935252,0.48201438848920863,0.17266187050359713,0.42417815482502647,32.44962884411453,0.42417815482502647,2.9692470837751856,-0.25402567383310143,0.1849556564600503,-0.23796332735405126
George Mason University || 2008,George Mason University,2008,VA,0,1,0,Semi-Urban,0,1,Public R1,N,N,114,3661,0.4195337682192982,0.48704259400000005,0.17543859649122806,0.47368421052631576,0.3508771929824561,2.458344714558864,4.643540016388965,0.0,0.0,0.0,0.47368421052631576,32.1140350877193,0.45614035087719296,0.09649122807017543,1.0925976509150503,40.152963671128106,0.0,7.9213329691341166,0.4707541395195862,-0.054060342980614406,0.2760966817462638
Georgetown University || 2006,Georgetown University,2006,DC,1,1,1,Urban,0,1,Private R1,Y,N,203,6094,0.49901239173029555,0.499354432,0.30049261083743845,0.3645320197044335,0.33497536945812806,6.7279291106005905,11.8148999015425,0.16409583196586805,0.0,0.0,0.6363636363636364,30.019704433497537,0.3793103448275862,0.08374384236453201,2.297341647522153,34.131933048900564,0.0,3.938299967180834,0.33154435834458523,0.17045865429848372,0.5377516967142364
Georgetown University || 2019,Georgetown University,2019,DC,1,1,1,Urban,0,1,Private R1,Y,N,165,5602,0.48668570577727277,0.49802369,0.3212121212121212,0.3393939393939394,0.3393939393939394,5.890753302392003,8.211353088182792,0.1785076758300607,0.3570153516601214,0.1785076758300607,0.648854961832061,33.95151515151515,0.42424242424242425,0.11515151515151516,1.9635844341306676,37.66511960014281,0.0,4.105676544091396,0.4110455056038756,0.046981237611237146,0.5275631677529838
Georgia Institute of Technology || 1996,Georgia Institute of Technology,1996,GA,0,1,0,Urban,0,1,Public R1,N,N,59,1977,0.5356271524915255,0.497706103,0.3559322033898305,0.3728813559322034,0.2711864406779661,3.0349013657056148,24.279210925644918,0.0,0.0,0.0,0.8166666666666667,33.50847457627118,0.5423728813559322,0.15254237288135594,1.5174506828528074,44.51188669701568,0.0,2.0232675771370765,-0.48243357260404746,-0.05716156909712886,0.5848880165374849
Georgia Institute of Technology || 1997,Georgia Institute of Technology,1997,GA,0,1,0,Urban,0,1,Public R1,N,N,105,3380,0.49035731274285715,0.49656778500000004,0.2857142857142857,0.42857142857142855,0.2857142857142857,2.0710059171597632,22.189349112426033,0.0,0.0,0.0,0.7522123893805309,32.19047619047619,0.3904761904761905,0.0761904761904762,1.4792899408284024,17.75147928994083,0.0,3.254437869822485,-0.4186987605043222,0.013293249982685698,-0.3236169741933755
Georgia Institute of Technology || 2002,Georgia Institute of Technology,2002,GA,0,1,0,Urban,0,1,Public R1,N,N,4029,107924,0.4403211276013651,0.4961924735,0.1154132539091586,0.6458178207992058,0.23876892529163565,2.742670768318446,16.548682406137655,0.5744783366072421,0.11118935547236944,0.45402320151217523,0.70122152525586,26.786795730950608,0.2946140481509059,0.13626209977661952,0.50961787924836,2.47396315926022,0.11118935547236944,0.5652125569845446,-0.31388408093144576,0.7899810072141263,-1.206386196073213
Georgia Institute of Technology || 2014,Georgia Institute of Technology,2014,GA,0,1,0,Urban,0,1,Public R1,N,N,108,3493,0.40504083953472225,0.481010403,0.17592592592592593,0.4074074074074074,0.4166666666666667,3.7217291726309765,15.745777268823362,0.286286859433152,0.0,0.0,0.7093023255813954,32.342592592592595,0.37962962962962965,0.09259259259259259,1.43143429716576,16.890924706555968,0.286286859433152,2.86286859433152,-0.1679094687848887,0.11766284030230771,-0.3707434705749549
Harvard University || 1998,Harvard University,1998,MA,1,1,1,Urban,0,1,Private R1,Y,N,21,652,0.5636006006190476,0.55176902,0.47619047619047616,0.23809523809523808,0.2857142857142857,9.202453987730062,4.601226993865031,0.0,0.0,0.0,0.6190476190476191,31.047619047619047,0.38095238095238093,0.0,0.0,18.404907975460123,0.0,1.5337423312883436,0.8328265042806362,-0.2962508023826886,-0.8700188137747498
Harvard University || 2008,Harvard University,2008,MA,1,1,1,Urban,0,1,Private R1,Y,N,133,4254,0.4771516150319549,0.498163649,0.3007518796992481,0.3233082706766917,0.37593984962406013,3.05594734367654,18.100611189468736,0.23507287259050305,0.0,0.0,0.7043478260869566,31.984962406015036,0.47368421052631576,0.06766917293233082,0.4701457451810061,32.44005641748942,0.23507287259050305,1.8805829807240244,-0.261873314486,-0.23921434066664019,-0.22062590915518535
Harvard University || 2010,Harvard University,2010,MA,1,1,1,Urban,0,1,Private R1,Y,N,138,4506,0.45925745369021737,0.497489777,0.2826086956521739,0.32608695652173914,0.391304347826087,2.8850421660008876,17.08832667554372,0.22192632046160674,0.0,0.0,0.7024793388429752,32.65217391304348,0.463768115942029,0.07971014492753623,0.6657789613848203,29.072347980470486,0.22192632046160674,1.7754105636928539,-0.23810027788863605,-0.1805044463141224,-0.25796655023877324
Illinois Institute of Technology || 2000,Illinois Institute of Technology,2000,IL,1,0,0,Urban,0,1,Private R2,N,N,86,2413,0.4659635775406977,0.493751922,0.26744186046511625,0.4069767441860465,0.32558139534883723,2.9009531703273934,14.91918773311231,0.0,0.0,0.0,0.7424242424242424,28.058139534883722,0.36046511627906974,0.11627906976744186,0.0,42.27103191048487,0.0,5.801906340654787,-0.1278236441499441,0.46432420737865493,-0.07284656557990471
Illinois Institute of Technology || 2013,Illinois Institute of Technology,2013,IL,1,0,0,Urban,0,1,Private R2,N,N,105,2900,0.4259269433595238,0.48324214,0.23809523809523808,0.3904761904761905,0.37142857142857144,3.103448275862069,17.93103448275862,0.0,0.0,0.0,0.7402597402597403,27.61904761904762,0.3619047619047619,0.10476190476190476,1.0344827586206897,37.93103448275862,0.0,5.862068965517241,-0.19670004860061505,0.4210212567481239,0.17955697899144482
Illinois Institute of Technology || 2021,Illinois Institute of Technology,2021,IL,1,0,0,Urban,0,1,Private R2,N,N,112,3256,0.4205172021674107,0.4698681375,0.23214285714285715,0.36607142857142855,0.4017857142857143,3.6855036855036856,15.97051597051597,0.0,0.0,0.0,0.7058823529411765,29.071428571428573,0.4017857142857143,0.125,1.2285012285012284,32.86240786240786,0.0,5.835380835380835,-0.049984261056212224,0.3576118048163122,0.08478229619093129
Illinois State University || 1990,Illinois State University,1990,IL,0,0,0,Semi-Urban,0,1,Public R2,N,N,56,1561,0.3296182586875,0.46397671100000004,0.08928571428571429,0.44642857142857145,0.4642857142857143,5.124919923126201,27.546444586803332,0.0,0.0,0.0,0.7647058823529411,27.875,0.3392857142857143,0.10714285714285714,0.6406149903907751,39.71812940422806,0.0,7.687379884689302,-0.3451616165433587,0.4816896110280245,0.08795601564627742
Illinois State University || 1999,Illinois State University,1999,IL,0,0,0,Semi-Urban,0,1,Public R2,N,N,120,3548,0.36575478674583334,0.442081507,0.16666666666666666,0.4,0.43333333333333335,4.509582863585118,21.138669673055244,0.0,0.0,0.0,0.6074766355140186,29.566666666666666,0.36666666666666664,0.075,0.8455467869222096,27.339346110484783,0.2818489289740699,5.636978579481398,-0.01203948238711767,0.1785863631479824,-0.24679924100319378
Illinois State University || 2016,Illinois State University,2016,IL,0,0,0,Semi-Urban,0,1,Public R2,N,N,88,3143,0.4519681564630682,0.4961032125,0.2159090909090909,0.4659090909090909,0.3181818181818182,4.136175628380528,9.22685332484887,0.0,0.0,0.3181673560292714,0.6875,35.71590909090909,0.4772727272727273,0.056818181818181816,1.2726694241170855,17.499204581609927,0.0,6.6815144766147,0.24588234252323868,-0.4577185096511729,-0.4114108617961179
Illinois State University || 2024,Illinois State University,2024,IL,0,0,0,Semi-Urban,0,1,Public R2,N,N,89,3080,0.4759612672275281,0.49649059199999995,0.2247191011235955,0.5056179775280899,0.2696629213483146,4.22077922077922,9.09090909090909,0.0,0.0,0.3246753246753247,0.6923076923076923,34.60674157303371,0.4606741573033708,0.06741573033707865,1.2987012987012987,14.935064935064934,0.0,6.493506493506494,0.25148033713007495,-0.3150570206650019,-0.48705841077396866
Indiana University || 1997,Indiana University,1997,IN,0,1,1,Semi-Urban,0,1,Public R1,Y,N,98,3152,0.41927423117346935,0.48673599075,0.20408163265306123,0.42857142857142855,0.3673469387755102,4.758883248730965,28.870558375634516,0.0,0.0,0.0,0.8421052631578947,32.16326530612245,0.42857142857142855,0.11224489795918367,0.3172588832487309,15.545685279187817,0.9517766497461929,0.6345177664974618,-0.509507347240467,0.09519951152426592,-0.8436560264632362
Indiana University || 2008,Indiana University,2008,IN,0,1,1,Semi-Urban,0,1,Public R1,Y,N,90,3098,0.4298179134,0.48450617399999996,0.2,0.4444444444444444,0.35555555555555557,7.746933505487411,22.272433828276306,0.32278889606197547,0.0,0.0,0.7857142857142857,34.422222222222224,0.4444444444444444,0.18888888888888888,0.0,9.36087798579729,1.6139444803098772,2.5823111684958038,-0.14570661266257248,0.3440814701529238,-1.1721059787969927
Indiana University || 2014,Indiana University,2014,IN,0,1,1,Semi-Urban,0,1,Public R1,Y,N,102,3690,0.4428302234411765,0.487458104,0.22549019607843138,0.4019607843137255,0.37254901960784315,6.775067750677507,20.32520325203252,0.27100271002710025,0.0,0.0,0.7578947368421053,36.1764705882353,0.4411764705882353,0.14705882352941177,0.8130081300813008,9.485094850948508,1.3550135501355014,2.710027100271003,-0.11009150057854537,0.07023866319349371,-0.855662739912036
Indiana University || 2020,Indiana University,2020,IN,0,1,1,Semi-Urban,0,1,Public R1,Y,N,105,3778,0.43740883161428573,0.486420098,0.22857142857142856,0.4,0.37142857142857144,6.881948120698782,19.85177342509264,0.2646903123345686,0.0,0.0,0.7653061224489796,35.98095238095238,0.4380952380952381,0.14285714285714285,0.7940709370037057,9.264160931709899,1.3234515616728428,2.911593435680254,-0.09420770061994525,0.06536806149737676,-0.8703165266348294
Indiana University || 2024,Indiana University,2024,IN,0,1,1,Semi-Urban,0,1,Public R1,Y,N,87,2632,0.36550463946551726,0.48915441899999995,0.08045977011494253,0.5287356321839081,0.39080459770114945,1.899696048632219,14.817629179331307,0.0,0.0,0.0,0.7142857142857143,30.25287356321839,0.3448275862068966,0.10344827586206896,1.899696048632219,24.316109422492403,0.0,3.799392097264438,-0.17027251585402545,0.3500356880923214,0.057140856902577086
Iowa State University || 1982,Iowa State University,1982,IA,0,1,0,Semi-Urban,1,1,Public R1,N,Y,24,794,0.3777584289375,0.3918786835,0.20833333333333334,0.25,0.5416666666666666,6.297229219143577,10.075566750629722,0.0,0.0,0.0,0.7241379310344828,33.083333333333336,0.5833333333333334,0.041666666666666664,0.0,50.377833753148614,0.0,0.0,0.30901189822033187,-0.7027865371769608,0.1979354628793667
Iowa State University || 2000,Iowa State University,2000,IA,0,1,0,Semi-Urban,1,1,Public R1,N,Y,7,185,0.3474102995,0.29013088,0.14285714285714285,0.2857142857142857,0.5714285714285714,0.0,0.0,0.0,0.0,0.0,1.0,26.428571428571427,0.2857142857142857,0.0,0.0,75.67567567567568,0.0,0.0,-0.2463189651240256,0.14514677922837219,1.0429297139258467
Johns Hopkins University || 1992,Johns Hopkins University,1992,MD,1,1,1,Urban,0,1,Private R1,Y,N,123,3353,0.49460760610975607,0.497580805,0.2601626016260163,0.4634146341463415,0.2764227642276423,6.263048016701462,16.403220996122876,0.5964807634953773,0.0,0.0,0.6385542168674698,27.260162601626018,0.3252032520325203,0.10569105691056911,0.0,41.75365344467641,0.5964807634953773,2.08768267223382,-0.028308043248833792,0.5368536320559915,-0.09012795387232264
Johns Hopkins University || 2001,Johns Hopkins University,2001,MD,1,1,1,Urban,0,1,Private R1,Y,N,138,3734,0.5073725904782609,0.4981037315,0.2463768115942029,0.5217391304347826,0.2318840579710145,5.623995715050883,14.997321906802357,1.0712372790573113,0.0,0.0,0.6292134831460674,27.057971014492754,0.3115942028985507,0.10144927536231885,0.0,41.24263524370648,1.0712372790573113,1.8746652383502946,-0.2312111407203246,0.5596807264459814,-0.10719689767085239
Johns Hopkins University || 2011,Johns Hopkins University,2011,MD,1,1,1,Urban,0,1,Private R1,Y,N,137,3729,0.4923713638576643,0.49766352199999997,0.23357664233576642,0.5182481751824818,0.24817518248175183,5.899705014749262,14.749262536873156,1.0726736390453204,0.0,0.0,0.6363636363636364,27.21897810218978,0.31386861313868614,0.0948905109489051,0.2681684097613301,39.95709305443819,1.0726736390453204,2.413515687851971,-0.21134574491922645,0.5141605127417863,-0.047127021716553086
Kansas State University || 2002,Kansas State University,2002,KS,0,1,0,Semi-Urban,1,1,Public R1,N,Y,166,4720,0.3734736578915663,0.4523114295,0.1686746987951807,0.3795180722891566,0.45180722891566266,2.9661016949152543,1.9067796610169492,0.211864406779661,0.0,0.0,0.6866666666666666,28.433734939759034,0.35542168674698793,0.1144578313253012,0.423728813559322,18.43220338983051,0.211864406779661,5.508474576271186,0.2351676743548972,0.45285413072515257,-0.7063436110309438
Kent State University || 2007,Kent State University,2007,OH,0,1,1,Semi-Urban,0,1,Public R1,Y,N,33,1394,0.3611972567651515,0.381872778,0.15151515151515152,0.3939393939393939,0.45454545454545453,5.0215208034433285,21.520803443328553,0.7173601147776184,0.0,0.0,0.7222222222222222,42.24242424242424,0.5151515151515151,0.15151515151515152,0.0,47.34576757532282,0.7173601147776184,2.152080344332855,-0.4334047813251463,-0.35302569702322445,0.09665889957007467
Kent State University || 2015,Kent State University,2015,OH,0,1,1,Semi-Urban,0,1,Public R1,Y,N,33,1414,0.362826566280303,0.43443907,0.15151515151515152,0.3939393939393939,0.45454545454545453,4.9504950495049505,21.216407355021218,0.7072135785007072,0.0,0.0,0.6842105263157895,42.84848484848485,0.5151515151515151,0.15151515151515152,0.0,46.67609618104668,0.7072135785007072,2.1216407355021216,-0.3785619206059276,-0.3781548158820022,0.07429064855536172
Kent State University || 2016,Kent State University,2016,OH,0,1,1,Semi-Urban,0,1,Public R1,Y,N,45,1395,0.38629407009444444,0.496407379,0.1111111111111111,0.5333333333333333,0.35555555555555557,5.017921146953405,20.78853046594982,0.7168458781362007,0.0,0.0,0.6944444444444444,31.0,0.4666666666666667,0.13333333333333333,0.0,45.878136200716845,0.7168458781362007,2.150537634408602,-0.3775465580258189,0.14919040931284508,0.04763732381688068
Lehigh University || 2001,Lehigh University,2001,PA,1,1,1,Semi-Urban,0,1,Private R1,Y,N,118,3575,0.44321390850635595,0.494876785,0.2457627118644068,0.3983050847457627,0.3559322033898305,5.034965034965035,13.706293706293707,0.0,0.0,0.27972027972027974,0.625,30.296610169491526,0.3898305084745763,0.07627118644067797,0.27972027972027974,16.223776223776227,0.0,8.111888111888113,0.26038023759469064,0.09391736524376526,-0.8354259440097185
Lehigh University || 2002,Lehigh University,2002,PA,1,1,1,Semi-Urban,0,1,Private R1,Y,N,236,7163,0.443872712131356,0.494912615,0.2457627118644068,0.3983050847457627,0.3559322033898305,5.025827167387965,13.681418400111685,0.0,0.0,0.2792126204104426,0.625,30.35169491525424,0.3983050847457627,0.07627118644067797,0.2792126204104426,16.194331983805668,0.0,8.097165991902834,0.2603076456824374,0.06939849515899543,-0.8366044385708082
Louisiana State University || 2008,Louisiana State University,2008,LA,0,1,1,Urban,1,1,Public R1,Y,Y,113,5405,0.41203582793141597,0.491091821,0.24778761061946902,0.35398230088495575,0.39823008849557523,0.5550416281221091,20.906567992599445,1.1100832562442182,0.0,0.0,0.7919463087248322,47.83185840707964,0.6371681415929203,0.1415929203539823,0.5550416281221091,27.197039777983345,1.6651248843663273,1.1100832562442182,-1.0299656807694262,-0.9546546746918564,-0.36314190541168234
Louisiana State University || 2014,Louisiana State University,2014,LA,0,1,1,Urban,1,1,Public R1,Y,Y,113,5405,0.412140625761062,0.491091821,0.24778761061946902,0.35398230088495575,0.39823008849557523,0.5550416281221091,20.906567992599445,1.1100832562442182,0.0,0.0,0.7919463087248322,47.83185840707964,0.6371681415929203,0.1415929203539823,0.5550416281221091,27.197039777983345,1.6651248843663273,1.1100832562442182,-1.0299656807694262,-0.9546546746918564,-0.36314190541168234
Louisiana State University || 2015,Louisiana State University,2015,LA,0,1,1,Urban,1,1,Public R1,Y,Y,143,6738,0.3618015505227273,0.398868954,0.17482517482517482,0.32167832167832167,0.5034965034965035,1.7809439002671414,20.777678836449986,0.7420599584446423,0.0,0.0,0.7808988764044944,47.11888111888112,0.6083916083916084,0.13286713286713286,1.7809439002671414,23.597506678539624,1.1872959335114277,1.3357079252003563,-0.755693967322161,-0.893330534293788,-0.012477082966408065
Louisiana State University || 2016,Louisiana State University,2016,LA,0,1,1,Urban,1,1,Public R1,Y,Y,288,13450,0.37132997603645834,0.45372557399999996,0.1875,0.3333333333333333,0.4791666666666667,1.7843866171003717,20.817843866171003,0.7434944237918215,0.0,0.0,0.7808988764044944,46.701388888888886,0.5972222222222222,0.13194444444444445,1.7843866171003717,23.49442379182156,1.1895910780669146,1.338289962825279,-0.757205745098315,-0.8513398658859259,-0.014597817491290382
Louisiana State University || 2018,Louisiana State University,2018,LA,0,1,1,Urban,1,1,Public R1,Y,Y,159,6937,0.37085534898270445,0.44871992400000005,0.1761006289308176,0.3333333333333333,0.49056603773584906,1.7298544039210033,20.902407380712123,0.7207726683004181,0.0,0.0,0.776595744680851,43.62893081761006,0.5911949685534591,0.11320754716981132,1.8740089375810869,22.77641631829321,1.153236269280669,1.2973908029407526,-0.7489243326758507,-0.8020545831070326,-0.004154692615034983
Louisiana State University || 2021,Louisiana State University,2021,LA,0,1,1,Urban,1,1,Public R1,Y,Y,307,13447,0.3651549993648209,0.44853864200000004,0.16286644951140064,0.3517915309446254,0.48534201954397393,1.4129545623559159,20.5993901985573,0.7436602959767978,0.0,0.0,0.7737430167597765,43.80130293159609,0.5895765472312704,0.1270358306188925,1.8591507399419946,23.499665352866813,1.1898564735628765,1.338588532758236,-0.7718372649299265,-0.7356386722942062,0.014295791689012849
Louisiana State University || 2023,Louisiana State University,2023,LA,0,1,1,Urban,1,1,Public R1,Y,Y,147,6538,0.3688094430952381,0.460117948,0.16326530612244897,0.36054421768707484,0.47619047619047616,1.0706638115631693,20.495564392780665,0.7647598654022637,0.0,0.0,0.7803468208092486,44.476190476190474,0.5986394557823129,0.1292517006802721,1.8354236769654328,24.166411746711532,1.223615784643622,1.3765677577240747,-0.8135989203953473,-0.7762926330895051,0.027452259558257502
Louisiana State University || 2024,Louisiana State University,2024,LA,0,1,1,Urban,1,1,Public R1,Y,Y,146,6533,0.36639703148630137,0.46266838899999996,0.15753424657534246,0.363013698630137,0.4794520547945205,1.0714832389407625,20.511250574008876,0.765345170671973,0.0,0.0,0.7803468208092486,44.74657534246575,0.6095890410958904,0.13013698630136986,1.8368284096127354,24.18490739323435,1.224552273075157,1.3776213072095516,-0.8142423049651367,-0.8117945750033554,0.02860963649590373
Loyola University Medical Center || 2006,Loyola University Medical Center,2006,IL,1,1,1,Urban,0,1,Private R1,Y,N,27,933,0.5009654537962963,0.499363981,0.2962962962962963,0.4074074074074074,0.2962962962962963,6.430868167202572,7.502679528403001,0.0,0.0,0.0,0.7222222222222222,34.55555555555556,0.37037037037037035,0.14814814814814814,1.0718113612004287,47.159699892818864,0.0,6.430868167202572,0.3971659620858446,0.32868232896218785,0.5021500362122155
Loyola University Medical Center || 2009,Loyola University Medical Center,2009,IL,1,1,1,Urban,0,1,Private R1,Y,N,32,1072,0.4522845655703125,0.49429448200000003,0.15625,0.5625,0.28125,4.664179104477611,7.462686567164179,0.0,0.0,0.0,0.6666666666666666,33.5,0.5,0.09375,0.0,37.31343283582089,0.9328358208955224,4.664179104477611,0.3255566184376139,-0.2403428595059887,-0.238439454092426
Medical College of Ohio || 2009,Medical College of Ohio,2009,OH,0,0,1,Urban,0,1,Public R2,Y,N,31,1192,0.4031210869354839,0.49465906200000004,0.22580645161290322,0.3870967741935484,0.3870967741935484,3.3557046979865772,4.194630872483222,0.0,0.0,0.0,0.75,38.45161290322581,0.5483870967741935,0.12903225806451613,4.194630872483222,50.335570469798654,0.0,1.6778523489932886,0.21204512014385904,-0.39574732797795265,1.8077730651297377
Medical College of Ohio || 2012,Medical College of Ohio,2012,OH,0,0,1,Urban,0,1,Public R2,Y,N,31,1203,0.4143660072419355,0.4916334,0.22580645161290322,0.41935483870967744,0.3548387096774194,3.3250207813798838,3.3250207813798838,0.0,0.0,0.0,0.78125,38.806451612903224,0.4838709677419355,0.0967741935483871,3.3250207813798838,48.21280133000831,0.0,1.6625103906899419,0.1960495618880612,-0.4028871910306134,1.402832471428356
Medical College of Ohio || 2017,Medical College of Ohio,2017,OH,0,0,1,Urban,0,1,Public R2,Y,N,31,1190,0.4014370852419355,0.49465906200000004,0.22580645161290322,0.3870967741935484,0.3870967741935484,3.361344537815126,4.201680672268908,0.0,0.0,0.0,0.75,38.38709677419355,0.5483870967741935,0.12903225806451613,4.201680672268908,50.42016806722689,0.0,1.680672268907563,0.21229256559913598,-0.39307229274459893,1.813306761789065
Medical College of Ohio || 2023,Medical College of Ohio,2023,OH,0,0,1,Urban,0,1,Public R2,Y,N,20,893,0.343490660875,0.35274938499999997,0.15,0.4,0.45,5.599104143337066,1.1198208286674132,0.0,0.0,0.0,0.9,44.65,0.75,0.1,2.2396416573348263,14.557670772676373,0.0,3.3594624860022395,0.2952477050752786,-1.3272558163470234,-0.13822833753377411
Medical College of Ohio || 2024,Medical College of Ohio,2024,OH,0,0,1,Urban,0,1,Public R2,Y,N,30,1230,0.33195783899166664,0.3068512255,0.1,0.4,0.5,3.252032520325203,4.878048780487805,0.0,0.0,0.0,0.75,41.0,0.5333333333333333,0.1,4.065040650406504,48.78048780487805,0.0,1.6260162601626016,0.18378626092567962,-0.6074437094675024,1.706052023286327
Medical University of South Carolina || 2005,Medical University of South Carolina,2005,SC,0,1,1,Urban,0,1,Public R1,Y,N,91,3554,0.4657625746648351,0.49713087,0.26373626373626374,0.4175824175824176,0.31868131868131866,3.9392234102419805,27.574563871693865,0.0,0.0,0.0,0.8306451612903226,39.05494505494506,0.4835164835164835,0.13186813186813187,2.5323579065841306,32.920652785593695,0.0,3.6578503095104105,-0.523291454989967,-0.23634587790141623,0.5875675923124056
Medical University of South Carolina || 2008,Medical University of South Carolina,2008,SC,0,1,1,Urban,0,1,Public R1,Y,N,83,3182,0.4265867740301205,0.497067345,0.26506024096385544,0.3493975903614458,0.3855421686746988,2.1998742928975488,23.570081709616595,0.3142677561282213,0.0,0.0,0.735632183908046,38.33734939759036,0.4939759036144578,0.0963855421686747,3.1426775612822127,19.170333123821496,0.0,4.3997485857950975,-0.5631472051825407,-0.4118974584036937,0.3627188337438882
Medical University of South Carolina || 2016,Medical University of South Carolina,2016,SC,0,1,1,Urban,0,1,Public R1,Y,N,84,3138,0.40602453366666663,0.494876333,0.23809523809523808,0.34523809523809523,0.4166666666666667,2.2307202039515617,24.219247928616955,0.3186743148502231,0.0,0.0,0.7386363636363636,37.357142857142854,0.4642857142857143,0.09523809523809523,3.8240917782026767,19.757807520713833,0.0,6.054811982154239,-0.5852355282637975,-0.299108238466659,0.6440876282919112
Miami University || 2018,Miami University,2018,OH,0,0,1,Rural,0,1,Public R2,Y,N,66,2205,0.40359219448484845,0.458186559,0.22727272727272727,0.3333333333333333,0.4393939393939394,4.081632653061225,11.79138321995465,0.45351473922902497,0.0,0.0,0.6727272727272727,33.40909090909091,0.48484848484848486,0.06060606060606061,0.0,35.82766439909297,0.0,2.2675736961451247,-0.05008053961204264,-0.3629600349065198,-0.28806684093697155
Miami University || 2022,Miami University,2022,OH,0,0,1,Rural,0,1,Public R2,Y,N,64,2234,0.3972497318203125,0.45174766349999995,0.21875,0.34375,0.4375,4.028648164726947,11.638316920322291,0.4476275738585497,0.0,0.0,0.6851851851851852,34.90625,0.515625,0.0625,0.0,36.25783348254252,0.0,2.6857654431512983,-0.0628449940774753,-0.4962919688252405,-0.27369840573186693
Michigan State University || 1998,Michigan State University,1998,MI,0,1,1,Semi-Urban,1,1,Public R1,Y,Y,825,21101,0.5279598840942424,0.50087943,0.15393939393939393,0.7490909090909091,0.09696969696969697,2.274773707407232,2.9856404909719916,0.09478223780863465,0.1895644756172693,4.739111890431733,0.39849624060150374,25.576969696969698,0.17939393939393938,0.22181818181818183,0.047391118904317325,28.38728022368608,0.047391118904317325,7.724752381403725,1.1764267309737237,1.5713139410540309,-0.5183853356572411
Michigan State University || 2001,Michigan State University,2001,MI,0,1,1,Semi-Urban,1,1,Public R1,Y,Y,15,540,0.43251146146666664,0.203388254,0.3333333333333333,0.13333333333333333,0.5333333333333333,5.555555555555555,12.962962962962962,0.0,0.0,0.0,0.42857142857142855,36.0,0.3333333333333333,0.13333333333333333,0.0,50.0,0.0,1.8518518518518519,0.5330700756178088,0.2917040947602577,0.18531512355399538
Michigan State University || 2017,Michigan State University,2017,MI,0,1,1,Semi-Urban,1,1,Public R1,Y,Y,31,1112,0.4088527030032258,0.423738578,0.3225806451612903,0.1935483870967742,0.4838709677419355,4.496402877697841,10.79136690647482,0.0,0.0,0.0,0.782608695652174,35.87096774193548,0.41935483870967744,0.12903225806451613,0.8992805755395684,36.8705035971223,0.0,3.5971223021582737,0.07070876877326322,0.049798193645546905,0.09219919559271134
Michigan Technological University || 2010,Michigan Technological University,2010,MI,0,1,0,Rural,0,1,Public R1,N,N,36,1548,0.5085236895555556,0.49626324050000004,0.4444444444444444,0.16666666666666666,0.3888888888888889,7.751937984496124,7.751937984496124,0.0,0.0,0.0,0.6976744186046512,43.0,0.5833333333333334,0.05555555555555555,1.937984496124031,45.21963824289406,0.0,0.0,0.5265676828741997,-1.0443412446727292,0.7700644309237135
Michigan Technological University || 2011,Michigan Technological University,2011,MI,0,1,0,Rural,0,1,Public R1,N,N,42,1618,0.5191963649761905,0.498810097,0.40476190476190477,0.2619047619047619,0.3333333333333333,7.416563658838072,7.416563658838072,0.0,0.0,0.0,0.6818181818181818,38.523809523809526,0.47619047619047616,0.023809523809523808,1.854140914709518,40.7911001236094,0.0,0.0,0.5291417587344279,-0.7367648017605917,0.5899369975958397
Mississippi State University || 1994,Mississippi State University,1994,MS,0,1,0,Rural,1,1,Public R1,N,Y,140,4047,0.4501644089446429,0.49526729700000005,0.17142857142857143,0.55,0.2785714285714286,2.4709661477637757,10.872251050160614,0.24709661477637757,0.0,0.0,0.7281553398058253,28.90714285714286,0.36428571428571427,0.19285714285714287,0.24709661477637757,59.79738077588337,0.0,1.4825796886582654,-0.13285970857772492,0.8029588442009846,0.6074807875872876
Mississippi State University || 2001,Mississippi State University,2001,MS,0,1,0,Rural,1,1,Public R1,N,Y,154,4612,0.4527944634431818,0.49509818250000004,0.19480519480519481,0.5,0.3051948051948052,5.420641803989592,13.009540329575021,0.0,0.0,0.21682567215958368,0.6776859504132231,29.948051948051948,0.37662337662337664,0.1038961038961039,0.6504770164787511,17.77970511708586,0.0,2.168256721595837,0.23818134745056355,0.28149618589389286,-0.641039314415784
Mississippi State University || 2003,Mississippi State University,2003,MS,0,1,0,Rural,1,1,Public R1,N,Y,165,4965,0.4645543353530303,0.496596274,0.19393939393939394,0.5333333333333333,0.2727272727272727,5.0352467270896275,14.098690835850956,0.0,0.0,0.4028197381671702,0.6842105263157895,30.09090909090909,0.3696969696969697,0.11515151515151516,0.6042296072507553,21.75226586102719,0.0,2.215508559919436,0.19079088642736783,0.350165554027603,-0.5261131494783695
Montana State University || 1997,Montana State University,1997,MT,0,1,0,Semi-Urban,1,1,Public R1,N,Y,33,1095,0.3795617261515152,0.495122231,0.09090909090909091,0.5757575757575758,0.3333333333333333,0.91324200913242,12.785388127853881,0.0,0.0,0.0,0.7272727272727273,33.18181818181818,0.45454545454545453,0.030303030303030304,0.0,25.570776255707763,0.0,1.82648401826484,-0.20640873342251775,-0.4259293158674518,-0.6306656895395297
Montana State University || 2017,Montana State University,2017,MT,0,1,0,Semi-Urban,1,1,Public R1,N,Y,74,2721,0.4088312334662162,0.4421750715,0.25675675675675674,0.28378378378378377,0.4594594594594595,5.145167217934583,14.332965821389196,0.0,0.0,0.0,0.6515151515151515,36.770270270270274,0.5405405405405406,0.1891891891891892,0.735023888276369,49.981624402793095,0.0,3.3076074972436604,0.18268812541908117,-0.003899394735498829,0.4670400636298032
New Jersey Institute of Technology || 1985,New Jersey Institute of Technology,1985,NJ,0,1,1,Urban,0,1,Public R1,Y,N,84,2571,0.4663856550160714,0.4972345125,0.20238095238095238,0.5476190476190477,0.25,4.667444574095682,13.224426293271101,0.0,0.38895371450797356,0.38895371450797356,0.6219512195121951,30.607142857142858,0.35714285714285715,0.19047619047619047,1.5558148580318942,59.12096460521198,1.1668611435239205,3.500583430571762,0.30703138442276307,0.7392775577613916,1.087594490999974
New Jersey Institute of Technology || 2003,New Jersey Institute of Technology,2003,NJ,0,1,1,Urban,0,1,Public R1,Y,N,99,4055,0.4507156352020202,0.49356905700000003,0.25252525252525254,0.3939393939393939,0.35353535353535354,1.7262638717632552,15.289765721331689,0.2466091245376079,0.0,0.0,0.7843137254901961,40.95959595959596,0.6565656565656566,0.15151515151515152,1.4796547472256474,24.907521578298397,0.2466091245376079,3.2059186189889024,-0.39119333329406375,-0.6708663972912808,-0.08445192598302466
New Jersey Institute of Technology || 2024,New Jersey Institute of Technology,2024,NJ,0,1,1,Urban,0,1,Public R1,Y,N,113,4487,0.4751554592920354,0.49687242600000003,0.2831858407079646,0.39823008849557523,0.3185840707964602,1.5600624024960998,11.811901047470469,0.22286605749944285,0.0,0.0,0.7731958762886598,39.70796460176991,0.6017699115044248,0.1415929203539823,2.005794517494986,29.6411856474259,0.4457321149988857,3.1201248049921997,-0.279068354869609,-0.524938357732916,0.27576289291292094
New Jersey Institute of Technology || 2025,New Jersey Institute of Technology,2025,NJ,0,1,1,Urban,0,1,Public R1,Y,N,41,1637,0.35564878591463417,0.352789969,0.17073170731707318,0.34146341463414637,0.4878048780487805,1.832620647525962,16.493585827733657,0.0,0.0,0.0,0.5789473684210527,39.926829268292686,0.5609756097560976,0.14634146341463414,1.832620647525962,6.719609040928527,0.0,0.0,-0.056104180690044914,-0.40317754801017136,-0.556379607930793
New Mexico State University || 1993,New Mexico State University,1993,NM,0,1,1,Semi-Urban,1,1,Public R1,Y,Y,56,1646,0.5029424507589286,0.497534122,0.23214285714285715,0.5357142857142857,0.23214285714285715,4.25273390036452,11.543134872417983,0.0,0.0,0.0,0.8809523809523809,29.392857142857142,0.3392857142857143,0.14285714285714285,0.0,19.441069258809232,0.0,4.860267314702308,-0.09318152025599642,0.5977787727372676,-0.8354091292701089
New Mexico State University || 2013,New Mexico State University,2013,NM,0,1,1,Semi-Urban,1,1,Public R1,Y,Y,6226,186809,0.3624180875284774,0.4678450965,0.09251525859299711,0.5176678445229682,0.3898168968840347,2.7354142466369393,12.895524305574142,1.204438758303936,0.04817755033215745,0.03747142803612246,0.6596920647453612,30.00465788628333,0.3392226148409894,0.15467394796016704,0.31047754658501464,1.5309754883330033,0.05353061148017493,0.2515938739568222,-0.4869311407290415,0.6318110205686142,-1.3143778596473987
New Mexico State University || 2019,New Mexico State University,2019,NM,0,1,1,Semi-Urban,1,1,Public R1,Y,Y,184,5629,0.45484353074456524,0.495931652,0.11413043478260869,0.6793478260869565,0.20652173913043478,1.2435601350151004,3.7306804050453013,0.0,0.0,0.0,0.656934306569343,30.592391304347824,0.40217391304347827,0.18478260869565216,0.8882572392965004,22.91703677384971,0.0,5.862497779356901,0.17173251262743972,0.5932003803478841,-0.37810645494047657
New Mexico State University || 2024,New Mexico State University,2024,NM,0,1,1,Semi-Urban,1,1,Public R1,Y,Y,193,6169,0.47203786832642486,0.496681311,0.13471502590673576,0.6735751295336787,0.19170984455958548,1.4589074404279463,4.5388231479980545,0.0,0.0,0.0,0.6711409395973155,31.963730569948186,0.40932642487046633,0.18134715025906736,0.8105041335710813,25.44982979413195,0.0,6.159831415140218,0.1477821080108624,0.5003534711789306,-0.3233731944766255
New York Medical College || 1998,New York Medical College,1998,NY,1,0,1,Semi-Urban,0,1,Private R2,Y,N,105,4029,0.4498189611,0.494824706,0.22857142857142856,0.44761904761904764,0.3238095238095238,5.956813104988831,11.665425663936462,0.49640109208240263,0.0,0.0,0.5268817204301075,38.371428571428574,0.5238095238095238,0.1523809523809524,1.4892032762472078,32.01787043931496,0.49640109208240263,3.226607098535617,0.26728891950809797,-0.2108986091665689,0.15671454638142746
New York University || 1983,New York University,1983,NY,1,1,1,Urban,0,1,Private R1,Y,N,91,4077,0.4347788361016483,0.48831987899999996,0.27472527472527475,0.3516483516483517,0.37362637362637363,2.9433406916850626,15.45253863134658,0.2452783909737552,0.0,0.2452783909737552,0.6354166666666666,44.8021978021978,0.5824175824175825,0.13186813186813187,2.207505518763797,38.01815060093205,1.226391954868776,2.698062300711307,-0.08136682125622945,-0.7341329652790457,0.6330504623396243
New York University || 2012,New York University,2012,NY,1,1,1,Urban,0,1,Private R1,Y,N,635,27830,0.4054190862480315,0.474194463,0.25354330708661416,0.28503937007874014,0.46141732283464565,1.0420409629895795,7.8692058929213085,0.6467840459935322,0.0,1.437297879985627,0.5482456140350878,43.826771653543304,0.6330708661417322,0.11181102362204724,2.910528206970895,16.241466043837587,0.6108515989938915,4.707150556952929,0.07315918355012808,-0.9271284858243698,0.17571567524396842
New York University || 2021,New York University,2021,NY,1,1,1,Urban,0,1,Private R1,Y,N,816,33456,0.4326717202172181,0.493408979,0.24754901960784315,0.3602941176470588,0.39215686274509803,1.1657101865136297,7.801291248206599,0.4483500717360115,0.0,1.285270205643233,0.5275735294117647,41.0,0.5698529411764706,0.10294117647058823,2.570540411286466,17.366092778574842,0.4184600669536107,4.065040650406504,0.17697953936238786,-0.6885176559900904,0.08268353468798434
North Carolina State University || 1997,North Carolina State University,1997,NC,0,1,0,Semi-Urban,1,1,Public R1,N,Y,116,4091,0.4831649461616379,0.4968458685,0.25862068965517243,0.4396551724137931,0.3017241379310345,2.688829137130286,11.488633585920311,0.0,0.0,0.0,0.5263157894736842,35.26724137931034,0.4224137931034483,0.14655172413793102,0.24443901246638963,48.39892446834515,0.0,2.199951112197507,0.22413889996594027,0.1546241043186921,0.2257306285634399
North Carolina State University || 2002,North Carolina State University,2002,NC,0,1,0,Semi-Urban,1,1,Public R1,N,Y,98,3656,0.48921550074234693,0.49784488849999997,0.2857142857142857,0.3979591836734694,0.3163265306122449,3.0087527352297596,12.308533916849015,0.0,0.0,0.0,0.5619047619047619,37.30612244897959,0.46938775510204084,0.17346938775510204,0.2735229759299781,53.88402625820569,0.0,2.1881838074398248,0.1816350284198697,0.08176903400441098,0.42011485901464934
North Carolina State University || 2003,North Carolina State University,2003,NC,0,1,0,Semi-Urban,1,1,Public R1,N,Y,130,4585,0.4579483095980769,0.4943204715,0.23076923076923078,0.43846153846153846,0.33076923076923076,3.489640130861505,8.724100327153762,0.0,0.0,0.0,0.5929203539823009,35.26923076923077,0.4307692307692308,0.23076923076923078,0.4362050163576881,45.14721919302072,0.21810250817884405,2.399127589967285,0.2861994500851517,0.5547743886363837,0.1907792248723723
North Carolina State University || 2011,North Carolina State University,2011,NC,0,1,0,Semi-Urban,1,1,Public R1,N,Y,85,2847,0.4526814216058823,0.497547131,0.2823529411764706,0.3764705882352941,0.3411764705882353,4.917456972251492,11.591148577449948,0.3512469265893923,0.0,0.0,0.6307692307692307,33.49411764705882,0.5176470588235295,0.12941176470588237,2.107481559536354,40.39339655778012,0.3512469265893923,3.8637161924833157,0.11910415288250599,-0.1076389735553266,0.673966641420132
North Dakota State University || 2010,North Dakota State University,2010,ND,0,1,0,Semi-Urban,1,1,Public R1,N,Y,124,3748,0.3832547249516129,0.49066865924999997,0.1532258064516129,0.41935483870967744,0.4274193548387097,4.002134471718249,18.14300960512273,0.5336179295624334,0.0,0.0,0.7155963302752294,30.225806451612904,0.4032258064516129,0.12903225806451613,2.6680896478121667,36.01921024546425,0.0,5.069370330843116,-0.3295079858141861,0.32618179060016833,0.7432026106047145
North Dakota State University || 2016,North Dakota State University,2016,ND,0,1,0,Semi-Urban,1,1,Public R1,N,Y,63,2320,0.37859988048809523,0.40166207,0.20634920634920634,0.36507936507936506,0.42857142857142855,6.0344827586206895,21.982758620689655,0.0,0.0,0.0,0.6607142857142857,36.82539682539682,0.42857142857142855,0.1746031746031746,1.293103448275862,23.27586206896552,0.0,2.586206896551724,0.019581488594337264,0.2144751733129826,-0.2106107675763611
North Dakota State University || 2017,North Dakota State University,2017,ND,0,1,0,Semi-Urban,1,1,Public R1,N,Y,50,2011,0.34757708530000003,0.21607404375,0.26,0.16,0.58,6.9617105917454,25.360517155643958,0.0,0.0,0.0,0.7058823529411765,40.22,0.46,0.2,0.49726504226752855,24.86325211337643,0.0,2.9835902536051715,-0.060656190907905666,0.11857096910458371,-0.46328793524441236
Northeastern University || 1995,Northeastern University,1995,MA,1,1,0,Urban,0,1,Private R1,N,N,165,6205,0.41883487286515153,0.494718661,0.23636363636363636,0.3696969696969697,0.3939393939393939,3.7066881547139405,20.950846091861404,0.0,0.0,0.0,0.7209302325581395,37.60606060606061,0.5272727272727272,0.11515151515151516,2.5785656728444803,39.645447219983886,0.0,3.5455278001611608,-0.21225479142613188,-0.3748696933139906,0.8299374538933131
Northeastern University || 2023,Northeastern University,2023,MA,1,1,0,Urban,0,1,Private R1,N,N,61,2522,0.4243776173770492,0.497294833,0.19672131147540983,0.45901639344262296,0.3442622950819672,5.947660586835844,13.084853291038858,0.0,0.0,0.0,0.675,41.34426229508197,0.5081967213114754,0.08196721311475409,4.758128469468676,55.51149881046788,0.0,3.9651070578905627,0.254323493850987,-0.6461590376756751,2.1971102773062903
Northern Illinois University || 1997,Northern Illinois University,1997,IL,0,0,0,Semi-Urban,0,1,Public R2,N,N,183,5660,0.4322653445833333,0.494454507,0.14207650273224043,0.5846994535519126,0.273224043715847,3.0035335689045937,12.54416961130742,0.0,0.0,0.0,0.528,30.92896174863388,0.4098360655737705,0.1366120218579235,0.0,36.92579505300353,0.0,2.473498233215548,0.21653948134974244,0.31767828167754847,-0.2513872659639752
Northern Illinois University || 2007,Northern Illinois University,2007,IL,0,0,0,Semi-Urban,0,1,Public R2,N,N,97,3003,0.4073536171623711,0.496220618,0.16494845360824742,0.4845360824742268,0.35051546391752575,2.997002997002997,5.994005994005994,0.0,0.0,0.333000333000333,0.7323943661971831,30.95876288659794,0.4536082474226804,0.08247422680412371,1.332001332001332,21.645021645021643,0.0,2.331002331002331,0.19465285136678026,-0.06977840154477548,-0.2501422983271907
Ohio State University || 1989,Ohio State University,1989,OH,0,1,1,Urban,1,1,Public R1,Y,Y,122,5318,0.44644416493647543,0.4873179475,0.2540983606557377,0.3770491803278688,0.36885245901639346,3.7608123354644603,19.556224144415193,0.188040616773223,0.0,0.0,0.7375886524822695,43.59016393442623,0.5983606557377049,0.16393442622950818,0.5641218503196691,17.111696126363295,0.0,0.752162467092892,-0.2688437765584249,-0.5649705157938268,-0.696522942282318
Ohio State University || 2018,Ohio State University,2018,OH,0,1,1,Urban,1,1,Public R1,Y,Y,176,6647,0.42148649975994323,0.491559564,0.2215909090909091,0.38636363636363635,0.39204545454545453,2.557544757033248,8.424853317285994,0.0,0.0,0.0,0.7848101265822784,37.76704545454545,0.5284090909090909,0.16477272727272727,4.814201895591996,14.893937114487738,0.0,1.654881901609749,-0.01876157709484801,-0.13579105346726264,0.8619483559449126
Ohio State University || 2024,Ohio State University,2024,OH,0,1,1,Urban,1,1,Public R1,Y,Y,166,6737,0.4349369304924699,0.49474359325,0.2289156626506024,0.42168674698795183,0.3493975903614458,2.523378358319727,8.163871159269705,0.0,0.0,0.0,0.7756410256410257,40.58433734939759,0.536144578313253,0.1746987951807229,4.898322695561823,15.140270149918361,0.0,1.929642274009203,-0.002483662628480654,-0.22314412377438206,0.9024889658189801
Ohio University || 1995,Ohio University,1995,OH,0,1,1,Rural,0,1,Public R1,Y,N,56,1456,0.3872931926714286,0.4657916415,0.26785714285714285,0.26785714285714285,0.4642857142857143,3.434065934065934,13.04945054945055,1.3736263736263736,0.0,0.0,0.5588235294117647,26.0,0.2857142857142857,0.08928571428571429,1.3736263736263736,28.846153846153847,1.3736263736263736,10.302197802197803,-0.3927751131318011,0.6104770121919533,0.006377792476338851
Oklahoma State University || 2010,Oklahoma State University,2010,OK,0,1,1,Semi-Urban,1,1,Public R1,Y,Y,104,5116,0.44284345420192306,0.4867151755,0.23076923076923078,0.375,0.3942307692307692,2.1501172791243155,16.419077404222048,0.39093041438623927,0.0,0.0,0.8,49.19230769230769,0.7115384615384616,0.17307692307692307,2.9319781078967946,25.21501172791243,0.19546520719311963,1.7591868647380766,-0.4716757012844857,-1.0483706047814514,0.4836879105010399
Oklahoma State University || 2019,Oklahoma State University,2019,OK,0,1,1,Semi-Urban,1,1,Public R1,Y,Y,191,8072,0.3861358598193717,0.479231644,0.15706806282722513,0.4607329842931937,0.38219895287958117,2.1060455896927652,14.866204162537166,0.2477700693756194,0.0,0.0,0.7837837837837838,42.261780104712045,0.5549738219895288,0.14136125654450263,2.725470763131814,13.00792864222002,0.1238850346878097,2.601585728444004,-0.34817299319788003,-0.5092088937990912,-0.0033749993000117273
Oregon Health Sciences University || 2013,Oregon Health Sciences University,2013,OR,0,0,1,Urban,0,1,Public R2,Y,N,778,19642,0.5359104048429949,0.5000773065,0.2133676092544987,0.6503856041131105,0.13624678663239073,5.803889624274514,6.262091436717239,0.5091131249363609,0.610935749923633,0.7636696874045413,0.32294617563739375,25.246786632390744,0.2660668380462725,0.11439588688946016,0.3054678749618165,34.05966805824254,0.3054678749618165,1.3746054373281744,0.8271937931569072,0.8191260319539145,-0.22978427850910998
Oregon Health Sciences University || 2024,Oregon Health Sciences University,2024,OR,0,0,1,Urban,0,1,Public R2,Y,N,20,358,0.49065092520000003,0.48986743450000003,0.25,0.5,0.25,2.793296089385475,2.793296089385475,0.0,25.139664804469277,22.3463687150838,0.125,17.9,0.05,0.05,0.0,8.379888268156424,0.0,5.58659217877095,6.682850320278426,1.3678486770604656,-1.2048728319649737
Oregon State University || 2001,Oregon State University,2001,OR,0,1,0,Semi-Urban,1,1,Public R1,N,Y,234,6664,0.6065692393621795,0.5185833120000001,0.3076923076923077,0.6153846153846154,0.07692307692307693,4.351740696278511,3.751500600240096,0.30012004801920766,0.0,1.6506602641056423,0.3893805309734513,28.478632478632477,0.2948717948717949,0.09829059829059829,0.15006002400960383,19.20768307322929,0.30012004801920766,3.001200480192077,0.8328291609989823,0.528817213981888,-0.7855633247493261
Oregon State University || 2003,Oregon State University,2003,OR,0,1,0,Semi-Urban,1,1,Public R1,N,Y,83,3287,0.38102146745783133,0.40462967499999997,0.1927710843373494,0.3614457831325301,0.4457831325301205,3.650745360511104,16.428354122299968,0.304228780042592,0.0,0.0,0.7164179104477612,39.602409638554214,0.5542168674698795,0.03614457831325301,0.0,53.2400365074536,0.912686340127776,2.129601460298144,-0.21009046454123104,-0.9243743756645187,0.2935382767527297
Oregon State University || 2023,Oregon State University,2023,OR,0,1,0,Semi-Urban,1,1,Public R1,N,Y,121,4205,0.36455270008884294,0.490751978,0.06611570247933884,0.5371900826446281,0.39669421487603307,3.0915576694411415,9.512485136741972,0.23781212841854935,0.0,0.4756242568370987,0.6909090909090909,34.752066115702476,0.49586776859504134,0.1652892561983471,1.9024970273483948,17.360285374554103,0.0,5.231866825208086,0.06696583882621271,0.0771875823787787,-0.17412048823429294
Penn State University || 1998,Penn State University,1998,PA,0,1,1,Rural,1,1,Public R1,Y,Y,39,1232,0.40730621721794874,0.497555159,0.07692307692307693,0.5897435897435898,0.3333333333333333,3.246753246753247,16.233766233766232,0.0,0.0,0.0,0.6470588235294118,31.58974358974359,0.358974358974359,0.2564102564102564,0.0,5.681818181818182,0.0,2.435064935064935,-0.019698029432071645,1.0242367051055257,-1.2949933141333023
Penn State University || 2005,Penn State University,2005,PA,0,1,1,Rural,1,1,Public R1,Y,Y,31,860,0.4215348932580645,0.498625881,0.06451612903225806,0.6774193548387096,0.25806451612903225,2.3255813953488373,15.116279069767442,0.0,0.0,0.0,0.42857142857142855,27.741935483870968,0.1935483870967742,0.12903225806451613,0.0,2.3255813953488373,0.0,0.0,0.21081051724238353,0.9793048295544806,-1.4070977694620364
Penn State University || 2013,Penn State University,2013,PA,0,1,1,Rural,1,1,Public R1,Y,Y,60,1949,0.45677373618333333,0.4966150425,0.15,0.5666666666666667,0.2833333333333333,2.052334530528476,6.157003591585428,0.0,0.0,0.513083632632119,0.2962962962962963,32.483333333333334,0.38333333333333336,0.15,0.513083632632119,10.774756285274501,0.0,4.617752693689072,0.6794610622952759,0.3898745632233682,-0.9277932319507238
Portland State University || 1997,Portland State University,1997,OR,0,0,1,Urban,0,1,Public R2,Y,N,21,573,0.7166518010952381,0.6812339550000001,0.6666666666666666,0.2857142857142857,0.047619047619047616,17.452006980802793,0.0,0.0,0.0,1.7452006980802792,0.5833333333333334,27.285714285714285,0.38095238095238093,0.19047619047619047,0.0,29.66841186736475,0.0,0.0,1.8941914894075111,0.8145246545013126,-0.4937971556409827
Portland State University || 2015,Portland State University,2015,OR,0,0,1,Urban,0,1,Public R2,Y,N,92,2943,0.34331739249510873,0.46071560050000004,0.07608695652173914,0.5,0.42391304347826086,4.417261297995243,20.72714916751614,0.3397893306150187,0.0,0.0,0.704225352112676,31.98913043478261,0.40217391304347827,0.21739130434782608,1.0193679918450562,9.174311926605505,0.3397893306150187,0.3397893306150187,-0.274006139294721,0.6987441470593998,-0.7867761316871162
Portland State University || 2025,Portland State University,2025,OR,0,0,1,Urban,0,1,Public R2,Y,N,172,5260,0.489207870369186,0.500595269,0.3081395348837209,0.31976744186046513,0.37209302325581395,1.9011406844106464,6.4638783269961975,0.19011406844106463,0.38022813688212925,6.844106463878327,0.4527027027027027,30.58139534883721,0.4011627906976744,0.23837209302325582,0.0,49.239543726235745,0.38022813688212925,9.505703422053232,1.223765483453475,0.8649359262040882,0.15991449129963609
Princeton University || 2001,Princeton University,2001,NJ,1,1,0,Semi-Urban,0,1,Private R1,N,N,94,3188,0.4786756319601064,0.4988622675,0.35106382978723405,0.3191489361702128,0.32978723404255317,2.823086574654956,13.801756587202007,0.31367628607277287,0.0,0.0,0.7402597402597403,33.91489361702128,0.4787234042553192,0.1276595744680851,0.6273525721455457,43.9146800501882,0.31367628607277287,1.2547051442910915,-0.23370981233856758,-0.03174413979181243,0.2230341085213835
Princeton University || 2017,Princeton University,2017,NJ,1,1,0,Semi-Urban,0,1,Private R1,N,N,24,986,0.5125321644791666,0.4974388185,0.3333333333333333,0.375,0.2916666666666667,4.056795131845842,8.113590263691684,0.0,0.0,0.0,0.7222222222222222,41.083333333333336,0.625,0.16666666666666666,1.0141987829614605,38.5395537525355,0.0,1.0141987829614605,0.18864236832433787,-0.517227943894104,0.19209111926884812
Purdue University || 2000,Purdue University,2000,IN,0,1,1,Semi-Urban,1,1,Public R1,Y,Y,149,5720,0.37388619180369126,0.467682069,0.1476510067114094,0.436241610738255,0.4161073825503356,1.223776223776224,19.230769230769234,0.0,0.0,0.34965034965034963,0.6857142857142857,38.38926174496644,0.5234899328859061,0.174496644295302,1.5734265734265735,14.160839160839162,0.0,3.8461538461538463,-0.2736268774202948,-0.09994071295218987,-0.40739099517720234
Purdue University || 2007,Purdue University,2007,IN,0,1,1,Semi-Urban,1,1,Public R1,Y,Y,89,3186,0.38460343042696626,0.48968962,0.11235955056179775,0.5617977528089888,0.3258426966292135,3.138731952291274,14.438166980539862,0.0,0.0,0.0,0.6774193548387096,35.79775280898876,0.4943820224719101,0.20224719101123595,1.2554927809165097,14.75204017576899,0.0,2.197112366603892,-0.013793826898784061,0.22298655635566678,-0.5097691077116683
Purdue University || 2011,Purdue University,2011,IN,0,1,1,Semi-Urban,1,1,Public R1,Y,Y,92,3205,0.4001572314782609,0.493601724,0.13043478260869565,0.5434782608695652,0.32608695652173914,3.1201248049921997,17.160686427457097,0.0,0.0,0.0,0.7183098591549296,34.83695652173913,0.4673913043478261,0.18478260869565216,1.24804992199688,14.352574102964118,0.0,2.18408736349454,-0.14557685197291328,0.24609580719422466,-0.5259709706958161
Purdue University || 2013,Purdue University,2013,IN,0,1,1,Semi-Urban,1,1,Public R1,Y,Y,104,4137,0.4142037756634615,0.493601724,0.15384615384615385,0.5192307692307693,0.3269230769230769,3.6258158085569256,12.086052695189752,0.0,0.48344210780759006,0.0,0.6486486486486487,39.77884615384615,0.5096153846153846,0.17307692307692307,0.9668842156151801,14.986705342035291,0.0,4.8344210780759,0.18511231452237645,-0.12827083147743124,-0.6127917107108859
Purdue University || 2015,Purdue University,2015,IN,0,1,1,Semi-Urban,1,1,Public R1,Y,Y,45,1783,0.43080975455555554,0.49291151,0.06666666666666667,0.7111111111111111,0.2222222222222222,3.3651149747616373,5.047672462142457,0.0,0.0,0.0,0.14285714285714285,39.62222222222222,0.5111111111111111,0.1111111111111111,1.6825574873808187,16.82557487380819,0.0,1.1217049915872126,0.9435344672077343,-0.43631562672504226,-0.2764643761045306
Purdue University || 2016,Purdue University,2016,IN,0,1,1,Semi-Urban,1,1,Public R1,Y,Y,46,1783,0.43215844410869564,0.492995974,0.06521739130434782,0.717391304347826,0.21739130434782608,3.3651149747616373,5.047672462142457,0.0,0.0,0.0,0.14285714285714285,38.76086956521739,0.5217391304347826,0.10869565217391304,1.6825574873808187,16.82557487380819,0.0,1.1217049915872126,0.9435344672077343,-0.44059414839552846,-0.2764643761045306
Purdue University || 2017,Purdue University,2017,IN,0,1,1,Semi-Urban,1,1,Public R1,Y,Y,57,1773,0.41466024560526316,0.492737371,0.07017543859649122,0.6491228070175439,0.2807017543859649,3.3840947546531304,4.512126339537508,0.0,0.0,0.0,0.14285714285714285,31.105263157894736,0.3508771929824561,0.12280701754385964,1.6920473773265652,16.920473773265652,0.0,1.128031584884377,0.9606775786793581,0.39585966324617816,-0.26964930520173525
Purdue University || 2025,Purdue University,2025,IN,0,1,1,Semi-Urban,1,1,Public R1,Y,Y,115,3858,0.4127294278652174,0.492825517,0.05217391304347826,0.6869565217391305,0.2608695652173913,3.1104199066874028,6.480041472265422,0.0,0.0,0.2592016588906169,0.16666666666666666,33.54782608695652,0.34782608695652173,0.11304347826086956,2.0736132711249353,16.07050285121825,0.0,1.2960082944530844,0.8843523923063149,0.2536473433079136,-0.15147210249260584
Rice University || 1999,Rice University,1999,TX,1,1,0,Urban,0,1,Private R1,N,N,92,2893,0.4884969038304348,0.4966022055,0.30434782608695654,0.33695652173913043,0.358695652173913,3.456619426201175,11.06118216384376,0.0,0.0,0.691323885240235,0.7647058823529411,31.445652173913043,0.5,0.07608695652173914,0.3456619426201175,30.418250950570343,0.0,5.876253024541998,0.0887635998402654,-0.24370245476810726,-0.3359748601556285
Rice University || 2023,Rice University,2023,TX,1,1,0,Urban,0,1,Private R1,N,N,103,3913,0.42143383295631065,0.495496758,0.20388349514563106,0.4174757281553398,0.3786407766990291,2.3000255558395093,14.055711730130335,0.0,0.0,0.0,0.7065217391304348,37.99029126213592,0.5242718446601942,0.13592233009708737,1.277791975466394,20.189113212369026,0.0,4.088934321492461,-0.10623155230606818,-0.278810235064937,-0.31959530340918013
Rutgers the State University of NJ || 1996,Rutgers the State University of NJ,1996,NJ,0,1,1,Semi-Urban,1,1,Public R1,Y,Y,84,2824,0.41184200778273816,0.488532829,0.25,0.30952380952380953,0.44047619047619047,2.8328611898017,13.101983002832862,0.3541076487252125,0.3541076487252125,0.0,0.7285714285714285,33.61904761904762,0.5,0.08333333333333333,0.0,38.59773371104816,0.0,2.124645892351275,-0.17479797466674238,-0.29749431129791254,-0.19554145277261237
Rutgers the State University of NJ || 2000,Rutgers the State University of NJ,2000,NJ,0,1,1,Semi-Urban,1,1,Public R1,Y,Y,166,4646,0.28156407641415665,0.3438353195,0.030120481927710843,0.4819277108433735,0.4879518072289157,2.152389151958674,17.649591046061126,0.4304778303917348,0.0,0.0,0.6640625,27.987951807228917,0.35542168674698793,0.12048192771084337,0.2152389151958674,4.520017219113216,0.0,0.0,-0.3552098426967338,0.5015345006076063,-1.2511216287322031
Rutgers the State University of NJ || 2008,Rutgers the State University of NJ,2008,NJ,0,1,1,Semi-Urban,1,1,Public R1,Y,Y,26,964,0.4937243468076923,0.492258171,0.19230769230769232,0.6153846153846154,0.19230769230769232,8.298755186721992,4.149377593360996,0.0,5.186721991701245,0.0,0.3076923076923077,37.07692307692308,0.5,0.23076923076923078,0.0,48.7551867219917,0.0,0.0,1.7550254832020649,0.2981800219465901,0.14373608029945262
Rutgers the State University of NJ || 2013,Rutgers the State University of NJ,2013,NJ,0,1,1,Semi-Urban,1,1,Public R1,Y,Y,143,4633,0.41328197717832166,0.483956037,0.2097902097902098,0.3986013986013986,0.3916083916083916,2.8059572631124543,16.18821497949493,0.2158428663932657,0.0,0.0,0.794392523364486,32.3986013986014,0.43356643356643354,0.13286713286713286,0.6475285991797971,31.08137276063026,0.0,4.532700194258579,-0.32997531592792956,0.17570886313495926,-0.19787180569355622
Rutgers the State University of NJ || 2021,Rutgers the State University of NJ,2021,NJ,0,1,1,Semi-Urban,1,1,Public R1,Y,Y,103,3432,0.41884418607766993,0.477838924,0.23300970873786409,0.3786407766990291,0.3883495145631068,5.244755244755245,11.946386946386946,0.0,0.2913752913752914,0.0,0.7027027027027027,33.320388349514566,0.4563106796116505,0.1262135922330097,0.2913752913752914,35.547785547785544,0.0,3.205128205128205,0.22996062158792774,0.0444622628587081,-0.18549169794945444
SUNY || 1988,SUNY,1988,NY,0,0,1,,0,1,Public R2,Y,N,47,1805,0.4663337900372341,0.497565517,0.2553191489361702,0.40425531914893614,0.3404255319148936,4.43213296398892,22.1606648199446,0.0,0.0,0.0,0.7818181818181819,38.40425531914894,0.6170212765957447,0.2127659574468085,3.3240997229916895,43.767313019390585,0.0,1.6620498614958448,-0.2650404369671178,-0.1541304894926007,1.253991221691425
SUNY || 2016,SUNY,2016,NY,0,0,1,,0,1,Public R2,Y,N,253,9092,0.5414159237237155,0.500341048,0.31225296442687744,0.45454545454545453,0.233201581027668,5.279366476022877,13.198416190057193,0.0,0.10998680158380995,0.5499340079190497,0.5906735751295337,35.93675889328063,0.5019762845849802,0.14624505928853754,2.1997360316761987,26.286845578530578,0.0,5.169379674439067,0.38421423368261864,-0.08342279390466963,0.23821896013643204
SUNY || 2017,SUNY,2017,NY,0,0,1,,0,1,Public R2,Y,N,9,459,0.3911230855,0.49857497,0.0,0.7777777777777778,0.2222222222222222,0.0,10.893246187363834,0.0,2.1786492374727673,0.0,1.0,51.0,0.5555555555555556,0.2222222222222222,8.71459694989107,41.394335511982575,0.0,2.1786492374727673,-0.31444880127201325,-0.4677185914634268,3.245337068971833
SUNY || 2021,SUNY,2021,NY,0,0,1,,0,1,Public R2,Y,N,56,2118,0.4377934329151785,0.478721016,0.16071428571428573,0.5178571428571429,0.32142857142857145,5.6657223796034,15.580736543909348,0.0,0.0,0.0,0.7272727272727273,37.82142857142857,0.5357142857142857,0.10714285714285714,2.360717658168083,24.079320113314445,0.0,7.554296506137867,0.09383126756688283,-0.446092572183165,0.22632012314672229
Southern Illinois University || 1992,Southern Illinois University,1992,IL,0,1,1,Rural,0,1,Public R1,Y,N,44,1427,0.48560203295454546,0.49545410300000003,0.25,0.4772727272727273,0.2727272727272727,1.4015416958654519,16.117729502452697,0.7007708479327259,0.0,0.0,0.75,32.43181818181818,0.38636363636363635,0.13636363636363635,1.4015416958654519,49.05395935529082,0.0,1.4015416958654519,-0.5940564824291968,0.3157052085824854,0.692078389922212
Southern Illinois University || 1998,Southern Illinois University,1998,IL,0,1,1,Rural,0,1,Public R1,Y,N,104,3402,0.473462513375,0.496291974,0.25961538461538464,0.4519230769230769,0.28846153846153844,7.054673721340388,17.636684303350968,0.5878894767783657,0.0,0.0,0.8089887640449438,32.71153846153846,0.41346153846153844,0.11538461538461539,0.29394473838918284,42.32804232804233,0.29394473838918284,1.4697236919459142,-0.20910655409680382,0.1278488961324112,0.04196827665232056
Southern Illinois University || 2005,Southern Illinois University,2005,IL,0,1,1,Rural,0,1,Public R1,Y,N,106,3853,0.4747535278632075,0.49548642649999997,0.20754716981132076,0.5283018867924528,0.2641509433962264,7.7861406696080975,20.763041785621596,0.2595380223202699,0.0,0.2595380223202699,0.8316831683168316,36.34905660377358,0.49056603773584906,0.18867924528301888,1.5572281339216196,20.763041785621596,0.5190760446405398,3.1144562678432393,-0.09581853939309404,0.14212816946060466,-0.19308751031324478
Southern Illinois University || 2016,Southern Illinois University,2016,IL,0,1,1,Rural,0,1,Public R1,Y,N,92,3097,0.4181346048125,0.4868612005,0.2826086956521739,0.29347826086956524,0.42391304347826086,5.489183080400387,19.373587342589605,0.32289312237649337,0.0,0.0,0.71875,33.66304347826087,0.4673913043478261,0.14130434782608695,2.583144979011947,7.103648692282854,0.0,1.2915724895059735,-0.15923411746084043,0.07682738359978804,-0.25525920300268184
Southern Illinois University || 2018,Southern Illinois University,2018,IL,0,1,1,Rural,0,1,Public R1,Y,N,1005,33156,0.36884220060179107,0.473724516,0.1044776119402985,0.5194029850746269,0.3761194029850746,3.4684521655205693,22.83146338520931,1.1159367836892267,0.0,0.06032090722644468,0.78055822906641,32.9910447761194,0.4338308457711443,0.18208955223880596,1.9905899384726746,2.292194474604898,0.15080226806611172,0.24128362890577873,-0.8328099439581536,0.3971866529363446,-0.6435839102669635
Southern Illinois University || 2022,Southern Illinois University,2022,IL,0,1,1,Rural,0,1,Public R1,Y,N,1082,33105,0.40190141357846576,0.48422530900000005,0.13401109057301294,0.5268022181146026,0.3391866913123845,3.896692342546443,21.054221416704426,0.5739314302975381,0.5437245129134571,0.0,0.7547348484848485,30.59611829944547,0.355822550831793,0.17837338262476896,1.1176559432109954,1.5707597039722097,0.0,0.09062075215224287,-0.42664609307153784,0.682531325145696,-1.002994153751693
St. Louis University || 1999,St. Louis University,1999,MO,1,1,1,Urban,0,1,Private R1,Y,N,103,3359,0.47315295939320384,0.49595855,0.24271844660194175,0.47572815533980584,0.2815533980582524,6.847275974992557,17.862459065197974,0.5954153021732659,0.0,0.0,0.8068181818181818,32.61165048543689,0.4174757281553398,0.11650485436893204,0.29770765108663294,42.57219410538851,0.29770765108663294,1.4885382554331645,-0.2328865690704228,0.1270738537293785,0.051568810058061354
St. Louis University || 2009,St. Louis University,2009,MO,1,1,1,Urban,0,1,Private R1,Y,N,109,3511,0.45404218106880734,0.49462233200000005,0.21100917431192662,0.47706422018348627,0.3119266055045872,6.5508402164625466,17.658786670464256,0.5696382796923953,0.0,0.0,0.8045977011494253,32.211009174311926,0.41284403669724773,0.09174311926605505,0.28481913984619767,39.58986043862148,0.28481913984619767,1.424095699230988,-0.23690889586841243,0.031715354938062136,-0.05299735478290035
St. Louis University || 2022,St. Louis University,2022,MO,1,1,1,Urban,0,1,Private R1,Y,N,71,2259,0.3786230502577465,0.495526643,0.056338028169014086,0.647887323943662,0.29577464788732394,2.6560424966799467,6.19743249225321,0.8853474988933157,0.0,0.0,0.5833333333333334,31.816901408450704,0.352112676056338,0.056338028169014086,1.3280212483399734,19.9203187250996,0.0,11.509517485613104,-0.07593585596209297,0.029923908886269057,-0.30927937150514534
St. Louis University || 2024,St. Louis University,2024,MO,1,1,1,Urban,0,1,Private R1,Y,N,78,2088,0.4248620465397436,0.49592422475,0.14102564102564102,0.5769230769230769,0.28205128205128205,1.9157088122605364,10.057471264367816,1.9157088122605364,0.0,0.0,0.7352941176470589,26.76923076923077,0.3333333333333333,0.038461538461538464,0.9578544061302682,23.467432950191572,0.4789272030651341,3.8314176245210727,-0.8802621494872787,0.1988783369946352,-0.33298842378572696
Stanford University || 1980,Stanford University,1980,CA,1,1,1,Semi-Urban,0,1,Private R1,Y,N,224,2264,0.4947742739888393,0.497837263,0.10267857142857142,0.7946428571428571,0.10267857142857142,8.8339222614841,8.8339222614841,0.0,0.0,0.0,0.3333333333333333,10.107142857142858,0.0,0.05357142857142857,0.0,63.16254416961131,0.0,7.067137809187279,1.0353635684660458,1.840052529912187,0.6249682048930336
Stanford University || 1989,Stanford University,1989,CA,1,1,1,Semi-Urban,0,1,Private R1,Y,N,194,2307,0.512350252920103,0.49931626650000005,0.09278350515463918,0.8505154639175257,0.05670103092783505,6.068487212830516,6.501950585175552,0.0,0.0,0.0,0.2222222222222222,11.891752577319588,0.0,0.061855670103092786,0.0,56.35023840485479,0.0,5.201560468140443,1.0195092104944259,1.8075833933868453,0.3974247161947282
Stanford University || 1994,Stanford University,1994,CA,1,1,1,Semi-Urban,0,1,Private R1,Y,N,169,1904,0.46682899562426033,0.496052573,0.10650887573964497,0.7159763313609467,0.17751479289940827,2.100840336134454,11.029411764705882,1.050420168067227,0.0,0.0,0.5,11.266272189349113,0.0,0.05917159763313609,0.0,46.21848739495798,0.0,14.180672268907562,-0.2287399858480014,1.8200633299387843,0.0590056770286409
Stanford University || 1996,Stanford University,1996,CA,1,1,1,Semi-Urban,0,1,Private R1,Y,N,182,2038,0.46361024151923075,0.495572554,0.0989010989010989,0.7307692307692307,0.17032967032967034,1.9627085377821392,10.794896957801766,0.9813542688910696,0.0,0.0,0.4722222222222222,11.197802197802197,0.0,0.054945054945054944,0.0,43.6702649656526,0.0,13.738959764474975,-0.1687207223884607,1.8017160153118381,-0.026109618961620784
Stanford University || 1998,Stanford University,1998,CA,1,1,1,Semi-Urban,0,1,Private R1,Y,N,188,2105,0.46258576313829786,0.496066341,0.09574468085106383,0.7340425531914894,0.1702127659574468,2.8503562945368173,10.451306413301662,0.9501187648456056,0.0,0.0,0.47368421052631576,11.196808510638299,0.0,0.05319148936170213,0.4750593824228028,48.45605700712589,0.0,13.776722090261282,-0.07578138635938458,1.792967160515782,0.3162252777874538
Stanford University || 1999,Stanford University,1999,CA,1,1,1,Semi-Urban,0,1,Private R1,Y,N,197,2212,0.4790627989441625,0.496052579,0.1116751269035533,0.7563451776649747,0.1319796954314721,2.7124773960216997,9.945750452079567,0.9041591320072332,0.0,0.0,0.5,11.228426395939087,0.0,0.050761421319796954,0.4520795660036166,48.372513562386985,0.0,15.822784810126583,-0.08509675228921638,1.7794750429569817,0.30460772466898683
Stanford University || 2013,Stanford University,2013,CA,1,1,1,Semi-Urban,0,1,Private R1,Y,N,134,2107,0.46716645493097014,0.49441523624999995,0.1417910447761194,0.6716417910447762,0.1865671641791045,2.8476506881822496,10.44138585666825,0.9492168960607499,0.0,0.0,0.4878048780487805,15.723880597014926,0.0,0.08208955223880597,0.47460844803037494,48.88467014712862,0.0,10.44138585666825,-0.09289518967970871,1.7501175877023183,0.3303685278892892
Stanford University || 2023,Stanford University,2023,CA,1,1,1,Semi-Urban,0,1,Private R1,Y,N,177,2761,0.48302980859887007,0.492027257,0.1638418079096045,0.6610169491525424,0.1751412429378531,2.535313292285404,11.590003621876132,0.7243752263672583,0.0,0.0,0.5384615384615384,15.598870056497175,0.0,0.05649717514124294,1.0865628395508873,55.05251720391163,0.0,11.227816008692503,-0.11782163986040815,1.6270146113604549,0.7714509542340127
Stevens Institute of Technology || 2000,Stevens Institute of Technology,2000,NJ,1,0,1,Urban,0,1,Private R2,Y,N,234,6453,0.43184206823717947,0.4941791635,0.11965811965811966,0.6025641025641025,0.2777777777777778,4.029133736246707,7.128467379513404,0.6198667286533396,0.0,0.3099333643266698,0.40714285714285714,27.576923076923077,0.2692307692307692,0.1581196581196581,0.46490004649000466,42.30590423059042,0.46490004649000466,1.549666821633349,0.37974966601420634,0.9333833156133684,0.10689648889514408
Stevens Institute of Technology || 2014,Stevens Institute of Technology,2014,NJ,1,0,1,Urban,0,1,Private R2,Y,N,114,4925,0.4895489103004386,0.500417664,0.39473684210526316,0.2543859649122807,0.3508771929824561,2.436548223350254,16.85279187817259,0.0,0.0,0.0,0.7,43.20175438596491,0.6052631578947368,0.16666666666666666,1.0152284263959392,37.96954314720812,0.0,4.263959390862944,-0.16872134676928274,-0.5532802480976642,0.17344722964219778
Stevens Institute of Technology || 2018,Stevens Institute of Technology,2018,NJ,1,0,1,Urban,0,1,Private R2,Y,N,122,5234,0.49966930300614754,0.5006639145,0.4098360655737705,0.2540983606557377,0.3360655737704918,2.6748184944593043,16.431027894535728,0.0,0.0,0.0,0.6714285714285714,42.90163934426229,0.5983606557377049,0.16393442622950818,0.9552923194497517,36.11004967520061,0.0,4.012227741688957,-0.10172294968391148,-0.5364221889591826,0.08831397528490956
Stevens Institute of Technology || 2025,Stevens Institute of Technology,2025,NJ,1,0,1,Urban,0,1,Private R2,Y,N,1393,36924,0.43352325563539124,0.495158516,0.07106963388370424,0.7128499641062455,0.21608040201005024,3.249918752031199,10.426822662766764,0.5145704690716065,0.3520745314700466,0.1354132813346333,0.7261785356068204,26.506819813352475,0.27494615936826994,0.15649676956209618,0.10833062506770663,0.5145704690716065,0.027082656266926658,0.21666125013541326,-0.11247515662559959,0.9546224765535368,-1.425976693516437
Syracuse University || 1992,Syracuse University,1992,NY,1,1,0,Urban,0,1,Private R1,N,N,43,1290,0.47720735455813956,0.49718155599999997,0.23255813953488372,0.5348837209302325,0.23255813953488372,3.875968992248062,0.0,0.0,0.0,0.0,0.76,30.0,0.4186046511627907,0.046511627906976744,1.550387596899225,20.930232558139533,0.0,6.2015503875969,0.363722900831438,-0.11845450168799639,-0.19013063189259494
Syracuse University || 2024,Syracuse University,2024,NY,1,1,0,Urban,0,1,Private R1,N,N,45,1643,0.4714755682111111,0.49781691299999997,0.2,0.6,0.2,3.6518563603164944,0.0,1.8259281801582472,0.0,0.0,0.76,36.51111111111111,0.37777777777777777,0.06666666666666667,1.2172854534388313,16.43335362142422,0.0,6.086427267194157,-0.4396186821093737,-0.18027616667679336,-0.4682864278712754
Temple University || 1985,Temple University,1985,PA,0,1,1,Urban,0,1,Public R1,Y,N,53,2079,0.4656359705,0.49637921399999996,0.22641509433962265,0.4528301886792453,0.32075471698113206,6.253006253006253,24.53102453102453,1.443001443001443,0.0,0.0,0.8524590163934426,39.22641509433962,0.4528301886792453,0.09433962264150944,0.48100048100048104,65.41606541606541,1.443001443001443,7.696007696007697,-0.8964552421866152,-0.35106165566218683,0.8850027250896693
Temple University || 2011,Temple University,2011,PA,0,1,1,Urban,0,1,Public R1,Y,N,51,2108,0.4638939251764706,0.496038294,0.23529411764705882,0.45098039215686275,0.3137254901960784,6.1669829222011385,24.193548387096772,1.4231499051233396,0.0,0.0,0.85,41.333333333333336,0.45098039215686275,0.09803921568627451,0.9487666034155597,63.092979127134726,1.4231499051233396,8.064516129032258,-0.8819248245408008,-0.41502270020776616,0.98708656594333
Temple University || 2022,Temple University,2022,PA,0,1,1,Urban,0,1,Public R1,Y,N,53,2091,0.46371612358490566,0.49637921399999996,0.22641509433962265,0.4716981132075472,0.3018867924528302,6.217120994739359,24.390243902439025,1.4347202295552368,0.0,0.0,0.85,39.45283018867924,0.4716981132075472,0.09433962264150944,0.9564801530368245,60.73648971783835,1.4347202295552368,7.651841224294596,-0.8886100788744894,-0.4099536070517387,0.9113384467353114
Texas A&M University System || 1991,Texas A&M University System,1991,TX,0,0,1,,1,1,Public R2,Y,Y,72,2478,0.45175624501041667,0.49252712200000004,0.2638888888888889,0.3472222222222222,0.3888888888888889,6.860371267150928,16.142050040355123,0.0,0.0,0.0,0.7049180327868853,34.416666666666664,0.4583333333333333,0.125,2.4213075060532687,46.811945117029865,0.4035512510088781,3.6319612590799033,0.20124763681845917,-0.012382990900081286,1.0089053141821542
Texas A&M University System || 2001,Texas A&M University System,2001,TX,0,0,1,,1,1,Public R2,Y,Y,19,677,0.729717488131579,0.950891278,0.631578947368421,0.21052631578947367,0.15789473684210525,5.908419497784343,5.908419497784343,0.0,0.0,0.0,0.75,35.63157894736842,0.5263157894736842,0.05263157894736842,1.4771048744460857,10.3397341211226,0.0,0.0,0.36712211974174375,-0.6038831183666039,-0.572022168499712
Texas A&M University System || 2006,Texas A&M University System,2006,TX,0,0,1,,1,1,Public R2,Y,Y,223,8061,0.43652715073340803,0.4950589155,0.21973094170403587,0.4349775784753363,0.3452914798206278,4.46594715295869,11.785138320307654,0.12405408758218582,0.0,0.12405408758218582,0.631578947368421,36.14798206278027,0.547085201793722,0.15246636771300448,0.4962163503287433,18.608113137327873,0.3721622627465575,2.853244014390274,0.18952788114677507,-0.17934837364934111,-0.6726238582597788
Texas A&M University System || 2009,Texas A&M University System,2009,TX,0,0,1,,1,1,Public R2,Y,Y,224,8087,0.4306727569220982,0.49444315475,0.20982142857142858,0.4419642857142857,0.3482142857142857,4.327933720786447,11.747248670706071,0.12365524916532707,0.0,0.12365524916532707,0.6349206349206349,36.10267857142857,0.5491071428571429,0.15625,0.49462099666130827,17.435390132311117,0.3709657474959812,2.9677259799678497,0.17550878604130346,-0.16380883106509556,-0.712407764534295
Texas A&M University System || 2012,Texas A&M University System,2012,TX,0,0,1,,1,1,Public R2,Y,Y,232,8410,0.42405181158793104,0.492466885,0.20689655172413793,0.4267241379310345,0.36637931034482757,4.280618311533888,12.485136741973841,0.23781212841854935,0.0,0.11890606420927467,0.6395939086294417,36.25,0.5172413793103449,0.14224137931034483,1.426872770511296,17.241379310344826,0.356718192627824,3.686087990487515,0.0946742752075972,-0.15653116140474257,-0.36078982693209044
Texas A&M University System || 2019,Texas A&M University System,2019,TX,0,0,1,,1,1,Public R2,Y,Y,136,7037,0.3762897593257353,0.47916406475,0.16176470588235295,0.4338235294117647,0.40441176470588236,2.5579081995168393,5.968452465539292,0.0,0.0,0.28421202216853775,0.52,51.74264705882353,0.47794117647058826,0.13970588235294118,1.5631661219269575,10.373738809151627,0.14210601108426887,2.4158021884325707,0.4183068211517682,-0.7085005203998594,-0.5378283460473967
Texas A&M University System || 2022,Texas A&M University System,2022,TX,0,0,1,,1,1,Public R2,Y,Y,65,2772,0.31271058284615383,0.096434045,0.2,0.2153846153846154,0.5846153846153846,3.6075036075036073,7.936507936507936,0.0,0.0,0.0,0.5813953488372093,42.646153846153844,0.6153846153846154,0.12307692307692308,3.6075036075036073,14.06926406926407,0.0,3.968253968253968,0.3329796781981904,-0.7753004570684935,0.37088361514941914
Texas A&M University System || 2023,Texas A&M University System,2023,TX,0,0,1,,1,1,Public R2,Y,Y,91,3598,0.34368079586538464,0.47399496,0.12087912087912088,0.4175824175824176,0.46153846153846156,2.2234574763757644,6.948304613674263,0.0,0.0,0.0,0.4523809523809524,39.53846153846154,0.5604395604395604,0.07692307692307693,3.0572540300166757,20.56698165647582,0.27793218454697055,3.8910505836575875,0.41118316902508134,-0.7336400763629262,0.3765564096990127
Texas A&M University System || 2025,Texas A&M University System,2025,TX,0,0,1,,1,1,Public R2,Y,Y,67,2514,0.2789168565835821,0.063025941,0.13432835820895522,0.208955223880597,0.6567164179104478,2.7844073190135243,9.94431185361973,0.0,0.0,0.0,0.5454545454545454,37.52238805970149,0.5373134328358209,0.07462686567164178,3.977724741447892,17.104216388225936,0.0,4.773269689737471,0.25303580397874886,-0.600881280603616,0.6144665991336578
Thomas Jefferson University || 1998,Thomas Jefferson University,1998,PA,1,0,1,Urban,0,1,Private R2,Y,N,131,4366,0.45853904508015264,0.49638503900000003,0.2900763358778626,0.35877862595419846,0.3511450381679389,1.374255611543747,16.491067338524967,0.45808520384791573,0.0,0.0,0.7,33.32824427480916,0.48091603053435117,0.13740458015267176,2.061383417315621,54.283096655978014,0.6871278057718735,2.061383417315621,-0.4405293982518001,0.03567585437679344,1.1202007598978594
Thomas Jefferson University || 2000,Thomas Jefferson University,2000,PA,1,0,1,Urban,0,1,Private R2,Y,N,9,206,0.38666634488888885,0.45088376,0.1111111111111111,0.4444444444444444,0.4444444444444444,0.0,0.0,0.0,0.0,0.0,0.0,22.88888888888889,0.1111111111111111,0.0,0.0,29.12621359223301,0.0,0.0,0.9982171923885428,0.7500220944149482,-0.5119075710201563
Thomas Jefferson University || 2006,Thomas Jefferson University,2006,PA,1,0,1,Urban,0,1,Private R2,Y,N,107,3846,0.46277654419859815,0.49630366,0.29906542056074764,0.308411214953271,0.3925233644859813,1.3000520020800832,15.080603224128964,0.5200208008320333,0.0,0.0,0.7433628318584071,35.94392523364486,0.5514018691588785,0.17757009345794392,2.3400936037441498,61.62246489859594,0.7800312012480499,1.8200728029121165,-0.48596117342293427,-0.05637642567485782,1.4724077665737192
Tufts University || 2005,Tufts University,2005,MA,1,1,1,Urban,0,1,Private R1,Y,N,72,2793,0.4255549244861111,0.47858723575,0.2638888888888889,0.3055555555555556,0.4305555555555556,5.012531328320802,11.815252416756177,0.35803795202291444,0.0,2.1482277121374866,0.6964285714285714,38.791666666666664,0.5416666666666666,0.09722222222222222,0.7160759040458289,18.61797350519155,0.35803795202291444,3.5803795202291444,0.3064357241638875,-0.5516678898440479,-0.5878416505105963
Tulane University || 1985,Tulane University,1985,LA,1,1,1,Urban,0,1,Private R1,Y,N,91,3445,0.45789265053021977,0.497058131,0.25274725274725274,0.42857142857142855,0.31868131868131866,5.515239477503629,19.44847605224964,0.29027576197387517,0.0,0.0,0.8,37.857142857142854,0.6153846153846154,0.17582417582417584,1.1611030478955007,12.481857764876633,0.0,4.354136429608127,-0.24641476767395756,-0.3123285863062072,-0.6218545145556955
Tulane University || 2001,Tulane University,2001,LA,1,1,1,Urban,0,1,Private R1,Y,N,108,4531,0.4118995431550926,0.494254425,0.2222222222222222,0.3888888888888889,0.3888888888888889,5.517545795630104,18.538953873317148,0.22070183182520417,0.0,0.0,0.7835051546391752,41.9537037037037,0.6296296296296297,0.17592592592592593,1.1035091591260207,11.035091591260208,0.0,5.738247627455308,-0.16925206262042933,-0.5190493215078728,-0.6923022241472657
University of Akron || 1996,University of Akron,1996,OH,0,0,1,Urban,0,1,Public R2,Y,N,85,3233,0.37971883842058823,0.447579473,0.23529411764705882,0.3058823529411765,0.4588235294117647,4.0210330961954845,12.063099288586452,0.9279307145066501,0.0,0.0,0.6352941176470588,38.03529411764706,0.4470588235294118,0.058823529411764705,0.6186204763377668,14.53758119393752,0.9279307145066501,1.8558614290133002,-0.22033392367623347,-0.4645623912810238,-0.7615689835148061
University of Akron || 2002,University of Akron,2002,OH,0,0,1,Urban,0,1,Public R2,Y,N,116,3313,0.3697990673965517,0.4512235445,0.1810344827586207,0.4051724137931034,0.41379310344827586,6.3386658617567155,8.753395713854513,0.30184123151222453,1.2073649260488981,0.30184123151222453,0.5223880597014925,28.560344827586206,0.3620689655172414,0.1206896551724138,0.0,18.412315122245698,0.30184123151222453,0.0,0.6485200090226342,0.4614020354154013,-0.8697714015065557
University of Akron || 2015,University of Akron,2015,OH,0,0,1,Urban,0,1,Public R2,Y,N,69,2612,0.41560851228188406,0.468056891,0.2463768115942029,0.3333333333333333,0.42028985507246375,4.594180704441042,11.10260336906585,1.5313935681470139,0.0,0.0,0.6142857142857143,37.85507246376812,0.4927536231884058,0.043478260869565216,0.7656967840735069,15.69678407350689,1.1485451761102605,1.5313935681470139,-0.3796879103048832,-0.6539009284309096,-0.6663542643558997
University of Alabama in Birmingham (UAB) || 1980,University of Alabama in Birmingham (UAB),1980,AL,0,1,1,Urban,0,1,Public R1,Y,N,37,1289,0.4976909286283784,0.493879328,0.2972972972972973,0.43243243243243246,0.2702702702702703,6.2063615205585725,20.94647013188518,0.0,0.0,0.0,0.75,34.83783783783784,0.5135135135135135,0.13513513513513514,6.982156710628394,48.09930178432894,0.0,0.0,-0.047508980987319836,-0.12381905170994269,2.8038271125850294
University of Alabama in Birmingham (UAB) || 2013,University of Alabama in Birmingham (UAB),2013,AL,0,1,1,Urban,0,1,Public R1,Y,N,29,1435,0.4198782296810345,0.470000859,0.27586206896551724,0.3103448275862069,0.41379310344827586,4.878048780487805,13.2404181184669,0.0,0.0,0.0,0.5833333333333334,49.48275862068966,0.6206896551724138,0.20689655172413793,5.574912891986063,38.32752613240418,0.6968641114982579,3.484320557491289,0.2779481581184254,-0.6525251986784418,1.9368788433277953
University of Alabama in Huntsville (UAH) || 1991,University of Alabama in Huntsville (UAH),1991,AL,0,0,0,Urban,0,1,Public R2,N,N,22,604,0.37844174045454543,0.48887599150000005,0.09090909090909091,0.6363636363636364,0.2727272727272727,0.0,23.17880794701987,0.0,0.0,0.0,0.8333333333333334,27.454545454545453,0.4090909090909091,0.0,1.6556291390728477,33.11258278145696,0.0,3.3112582781456954,-0.7148750326749768,-0.22109855727221261,0.2572077499294519
University of Alabama in Huntsville (UAH) || 2018,University of Alabama in Huntsville (UAH),2018,AL,0,0,0,Urban,0,1,Public R2,N,N,38,1729,0.3687189112894737,0.46479562100000005,0.10526315789473684,0.5,0.39473684210526316,1.735106998264893,16.194331983805668,0.0,0.0,0.0,0.6774193548387096,45.5,0.6052631578947368,0.10526315789473684,6.940427993059572,42.22093695777907,0.578368999421631,2.313475997686524,-0.17776197828001108,-0.9563684059701528,2.5914500504349607
University of Arizona || 1983,University of Arizona,1983,AZ,0,1,1,Urban,1,1,Public R1,Y,Y,15,655,0.4104953535,0.496201346,0.3333333333333333,0.26666666666666666,0.4,4.580152671755726,16.793893129770993,0.0,0.0,0.0,0.8421052631578947,43.666666666666664,0.5333333333333333,0.06666666666666667,1.5267175572519083,35.11450381679389,0.0,1.5267175572519083,-0.17166491773784318,-0.8851010320404767,0.2745578265574958
University of Arizona || 1985,University of Arizona,1985,AZ,0,1,1,Urban,1,1,Public R1,Y,Y,46,1936,0.37692899132065216,0.3459415375,0.2608695652173913,0.2608695652173913,0.4782608695652174,2.066115702479339,21.17768595041322,0.0,0.0,0.0,0.7936507936507936,42.08695652173913,0.6521739130434783,0.08695652173913043,1.0330578512396695,37.1900826446281,0.0,1.5495867768595042,-0.44115938405381033,-1.0296990019864798,0.154260492581799
University of Arizona || 1987,University of Arizona,1987,AZ,0,1,1,Urban,1,1,Public R1,Y,Y,112,4640,0.40996495046428577,0.491761012,0.23214285714285715,0.36607142857142855,0.4017857142857143,3.663793103448276,14.439655172413792,0.0,0.0,0.0,0.7345132743362832,41.42857142857143,0.5446428571428571,0.09821428571428571,1.7241379310344827,37.068965517241374,0.0,5.81896551724138,-0.0427149736481186,-0.6638377819093633,0.4156739013986136
University of Arizona || 1996,University of Arizona,1996,AZ,0,1,1,Urban,1,1,Public R1,Y,Y,44,1944,0.38941880482954544,0.4757216515,0.22727272727272727,0.3409090909090909,0.4318181818181818,4.11522633744856,15.432098765432098,0.0,0.0,0.0,0.7884615384615384,44.18181818181818,0.5681818181818182,0.11363636363636363,2.05761316872428,42.69547325102881,0.0,5.1440329218107,-0.10253558606047797,-0.7624494685141171,0.7317046816549935
University of Arizona || 1999,University of Arizona,1999,AZ,0,1,1,Urban,1,1,Public R1,Y,Y,104,3991,0.3317107661850961,0.2678338825,0.16346153846153846,0.3173076923076923,0.5192307692307693,3.257328990228013,9.771986970684038,0.0,0.0,0.5011275369581558,0.7894736842105263,38.375,0.49038461538461536,0.15384615384615385,1.2528188423953897,18.541718867451767,0.0,5.512402906539714,0.05554646687616686,-0.11600461515143827,-0.3842140170863957
University of Arizona || 2001,University of Arizona,2001,AZ,0,1,1,Urban,1,1,Public R1,Y,Y,120,4594,0.3652833250354167,0.37854148200000004,0.21666666666666667,0.3,0.48333333333333334,4.57117979973879,8.707009142359599,0.0,0.0,0.8707009142359599,0.7735849056603774,38.28333333333333,0.5083333333333333,0.13333333333333333,1.0883761427949499,17.414018284719198,0.0,5.44188071397475,0.2585186181550076,-0.26212031283261716,-0.48504731200446266
University of Arizona || 2010,University of Arizona,2010,AZ,0,1,1,Urban,1,1,Public R1,Y,Y,122,5194,0.3591957565344262,0.426949369,0.1557377049180328,0.39344262295081966,0.45081967213114754,3.4655371582595302,12.514439738159414,0.19252984212552945,0.0,0.0,0.6721311475409836,42.57377049180328,0.6065573770491803,0.14754098360655737,0.7701193685021178,16.365036580670004,0.0,4.620716211012707,-0.007665402381875484,-0.6265086397888902,-0.6423345955596202
University of Arizona || 2014,University of Arizona,2014,AZ,0,1,1,Urban,1,1,Public R1,Y,Y,108,4035,0.485644539375,0.4941910085,0.24074074074074073,0.5,0.25925925925925924,3.4696406443618337,3.4696406443618337,0.0,0.0,0.0,0.6666666666666666,37.361111111111114,0.5370370370370371,0.1111111111111111,0.0,10.90458488228005,0.0,6.691449814126394,0.3460522061615599,-0.4105853616779281,-1.1205433412873014
University of Arizona || 2017,University of Arizona,2017,AZ,0,1,1,Urban,1,1,Public R1,Y,Y,89,3744,0.318317494294382,0.27554876100000003,0.11235955056179775,0.33707865168539325,0.550561797752809,1.8696581196581197,11.217948717948717,0.26709401709401714,0.0,0.0,0.5934065934065934,42.06741573033708,0.5393258426966292,0.14606741573033707,1.3354700854700854,17.895299145299145,0.0,5.074786324786325,-0.03214533584343573,-0.43650363637915746,-0.3740574731950215
University of Arizona || 2018,University of Arizona,2018,AZ,0,1,1,Urban,1,1,Public R1,Y,Y,184,7611,0.32037662257690214,0.322263587,0.10869565217391304,0.3532608695652174,0.5380434782608695,1.8394429115753514,11.03665746945211,0.2627775587964788,0.0,0.0,0.5934065934065934,41.36413043478261,0.532608695652174,0.14130434782608695,1.3138877939823939,17.606096439364077,0.0,4.992773617133097,-0.027428856051604594,-0.41359510982779096,-0.39200760245516325
University of Arkansas || 1945,University of Arkansas,1945,AR,0,1,1,Semi-Urban,1,1,Public R1,Y,Y,32,2591,0.273047834515625,0.06595862775,0.15625,0.1875,0.65625,1.92975685063682,17.753763025858742,0.0,0.0,0.0,0.6716417910447762,80.96875,0.71875,0.125,8.490930142802007,27.788498649170204,0.0,1.1578541103820919,-0.20041424844607084,-2.6258337706173602,2.7049618973029297
University of Arkansas || 1967,University of Arkansas,1967,AR,0,1,1,Semi-Urban,1,1,Public R1,Y,Y,33,2253,0.38147085734848485,0.46368480500000003,0.15151515151515152,0.3939393939393939,0.45454545454545453,2.2192632046160674,17.75410563692854,0.0,0.0,0.0,0.6666666666666666,68.27272727272727,0.6666666666666666,0.12121212121212122,6.657789613848202,26.187305814469596,0.0,0.8877052818464269,-0.17097672667459038,-1.9817534834938704,1.9473298354894069
University of Arkansas || 1986,University of Arkansas,1986,AR,0,1,1,Semi-Urban,1,1,Public R1,Y,Y,46,2091,0.49922073082065216,0.49924791049999995,0.30434782608695654,0.45652173913043476,0.2391304347826087,3.3476805356288857,17.21664275466284,0.0,0.0,0.0,0.6964285714285714,45.45652173913044,0.6304347826086957,0.21739130434782608,1.4347202295552368,45.91104734576758,0.0,1.4347202295552368,-0.10169733707975888,-0.4585468139627054,0.5998439717996524
University of Arkansas || 2001,University of Arkansas,2001,AR,0,1,1,Semi-Urban,1,1,Public R1,Y,Y,89,3542,0.4490736296769663,0.49741192,0.21348314606741572,0.48314606741573035,0.30337078651685395,3.6702428006775834,18.068887634105025,0.0,0.0,0.0,0.6559139784946236,39.79775280898876,0.5730337078651685,0.1348314606741573,1.976284584980237,33.87916431394692,0.0,0.8469791078486731,-0.05021889326975495,-0.4871585946142964,0.40598373268514465
University of Arkansas || 2011,University of Arkansas,2011,AR,0,1,1,Semi-Urban,1,1,Public R1,Y,Y,86,3800,0.46111740449999994,0.49749379650000003,0.26744186046511625,0.4069767441860465,0.32558139534883723,3.4210526315789473,18.157894736842106,0.0,0.0,0.0,0.6666666666666666,44.18604651162791,0.6395348837209303,0.1744186046511628,2.1052631578947367,35.0,0.0,0.7894736842105263,-0.08621400256562746,-0.6451533497250844,0.4929651823546473
University of Arkansas || 2015,University of Arkansas,2015,AR,0,1,1,Semi-Urban,1,1,Public R1,Y,Y,85,3786,0.45541915328529414,0.49730042399999996,0.25882352941176473,0.4117647058823529,0.32941176470588235,3.1695721077654517,17.960908610670895,0.0,0.0,0.0,0.6632653061224489,44.54117647058823,0.6352941176470588,0.17647058823529413,2.1130480718436346,34.33703116745906,0.0,0.7923930269413629,-0.09643726075621856,-0.6384656212606127,0.47381116454426686
University of Arkansas || 2016,University of Arkansas,2016,AR,0,1,1,Semi-Urban,1,1,Public R1,Y,Y,95,3885,0.4521867878947368,0.496792268,0.23157894736842105,0.45263157894736844,0.3157894736842105,3.346203346203346,15.444015444015445,0.0,0.0,0.0,0.6288659793814433,40.89473684210526,0.5578947368421052,0.1368421052631579,1.8018018018018018,36.293436293436294,0.0,0.7722007722007722,0.033964381786680396,-0.48284381064633214,0.41960219292035034
University of California System || 1985,University of California System,1985,CA,0,0,1,,1,1,Public R2,Y,Y,25,1053,0.47853985879,0.49928806,0.2,0.56,0.24,8.547008547008549,11.396011396011396,0.0,0.0,0.0,0.6428571428571429,42.12,0.44,0.12,1.8993352326685662,49.382716049382715,0.0,0.9496676163342831,0.5523825851323133,-0.30874856013928204,0.8942728283000382
University of California System || 1990,University of California System,1990,CA,0,0,1,,1,1,Public R2,Y,Y,23,1100,0.48178110982608696,0.500311167,0.2608695652173913,0.4782608695652174,0.2608695652173913,8.181818181818182,10.0,0.0,0.0,0.0,0.5714285714285714,47.82608695652174,0.4782608695652174,0.08695652173913043,1.8181818181818181,48.18181818181818,0.0,0.9090909090909091,0.6526553982189571,-0.8113622457461288,0.8229878423612966
University of California System || 1997,University of California System,1997,CA,0,0,1,,1,1,Public R2,Y,Y,53,1768,0.47526520698113206,0.498380382,0.1509433962264151,0.6792452830188679,0.16981132075471697,6.221719457013574,13.009049773755656,0.0,0.0,0.0,0.6071428571428571,33.35849056603774,0.4716981132075472,0.1509433962264151,1.6968325791855203,52.60180995475113,0.0,1.1312217194570138,0.362999777881792,0.12647265444405908,0.9240107710551917
University of California System || 2024,University of California System,2024,CA,0,0,1,,1,1,Public R2,Y,Y,50,1501,0.34493453617200004,0.47021493999999997,0.08,0.48,0.44,1.3324450366422385,14.656895403064622,0.0,0.0,0.0,0.5454545454545454,30.02,0.42,0.08,0.0,23.98401065956029,0.0,8.660892738174551,-0.0010352133704124393,0.04492159576783857,-0.6836665664763486
University of Central Florida || 2013,University of Central Florida,2013,FL,0,1,1,Urban,0,1,Public R1,Y,N,44,1086,0.5730823813181819,0.5010095315,0.1590909090909091,0.7954545454545454,0.045454545454545456,2.7624309392265194,0.0,0.0,17.495395948434624,11.970534069981584,0.2631578947368421,24.681818181818183,0.25,0.18181818181818182,0.0,69.06077348066299,0.0,4.6040515653775325,4.4059946448949034,1.222672297741739,0.8219798659847417
University of Central Florida || 2024,University of Central Florida,2024,FL,0,1,1,Urban,0,1,Public R1,Y,N,28,954,0.5924574472678571,0.499485795,0.35714285714285715,0.5357142857142857,0.10714285714285714,4.1928721174004195,3.1446540880503147,0.0,0.0,0.0,0.7058823529411765,34.07142857142857,0.4642857142857143,0.14285714285714285,0.0,54.50733752620545,1.0482180293501049,2.0964360587002098,0.3648212121148084,0.07582634105250385,0.3358684517324809
University of Chicago || 2002,University of Chicago,2002,IL,1,1,1,Urban,0,1,Private R1,Y,N,143,5733,0.4565780582080419,0.48987175699999996,0.23776223776223776,0.3986013986013986,0.36363636363636365,1.744287458573173,18.66387580673295,0.0,0.0,0.17442874585731727,0.8357142857142857,40.09090909090909,0.6643356643356644,0.13986013986013987,1.744287458573173,34.013605442176875,0.0,0.17442874585731727,-0.42405579267037846,-0.7136570911227468,0.3213591525872507
University of Chicago || 2018,University of Chicago,2018,IL,1,1,1,Urban,0,1,Private R1,Y,N,15,526,0.5692435987500001,0.51140396,0.3333333333333333,0.4666666666666667,0.2,1.9011406844106464,17.11026615969582,0.0,0.0,0.0,0.7142857142857143,35.06666666666667,0.5333333333333333,0.2,0.0,32.31939163498099,0.0,5.7034220532319395,-0.23701814368191187,0.1398379629429893,-0.40524957635986075
University of Cincinnati || 2009,University of Cincinnati,2009,OH,0,1,1,Urban,0,1,Public R1,Y,N,49,2579,0.42881456005102037,0.49567028999999996,0.1836734693877551,0.4897959183673469,0.32653061224489793,3.87747188832881,21.326095385808454,0.0,0.0,0.0,0.8064516129032258,52.63265306122449,0.5306122448979592,0.20408163265306123,0.0,48.856145792942996,0.0,6.979449398991857,-0.31591397502316526,-0.5609020734004005,0.14710829816713067
University of Cincinnati || 2019,University of Cincinnati,2019,OH,0,1,1,Urban,0,1,Public R1,Y,N,50,2520,0.439976056075,0.49795653525,0.2,0.46,0.34,3.968253968253968,20.23809523809524,0.0,0.0,0.0,0.7966101694915254,50.4,0.48,0.18,0.0,47.22222222222222,0.0,6.349206349206349,-0.2646434369814157,-0.45625069752776476,0.0925322585137659
University of Colorado || 2011,University of Colorado,2011,CO,0,1,1,Semi-Urban,0,1,Public R1,Y,N,167,5575,0.39074842219371253,0.484489168,0.11377245508982035,0.5389221556886228,0.3473053892215569,3.766816143497758,10.044843049327355,0.0,0.0,0.0,0.6861313868613139,33.383233532934135,0.47305389221556887,0.15568862275449102,0.35874439461883406,14.349775784753364,0.35874439461883406,2.8699551569506725,0.15394257005514841,0.14567583848499863,-0.8676661033718205
University of Connecticut || 2015,University of Connecticut,2015,CT,0,1,1,Rural,1,1,Public R1,Y,Y,99,2948,0.39062723288939394,0.473219185,0.18181818181818182,0.42424242424242425,0.3939393939393939,4.07055630936228,8.14111261872456,0.0,0.0,0.3392130257801899,0.4605263157894737,29.77777777777778,0.40404040404040403,0.0707070707070707,0.6784260515603798,28.154681139755766,0.0,5.766621438263229,0.5574059363088337,0.05025588457656771,-0.2837602799655718
University of Dayton || 1996,University of Dayton,1996,OH,1,1,0,Urban,0,1,Private R1,N,N,304,9291,0.4660176971148026,0.4950360325,0.23026315789473684,0.46710526315789475,0.3026315789473684,4.7357657948552365,8.072328059412335,0.4305241631686578,0.0,0.0,0.5665024630541872,30.5625,0.3815789473684211,0.11513157894736842,0.6457862447529867,24.64750834140566,0.4305241631686578,4.7357657948552365,0.2530155963182832,0.29933707941537063,-0.4134439367334215
University of Dayton || 2015,University of Dayton,2015,OH,1,1,0,Urban,0,1,Private R1,N,N,71,2335,0.42249455138732395,0.48165899,0.2112676056338028,0.4084507042253521,0.38028169014084506,9.421841541755889,5.995717344753747,0.0,0.0,0.0,0.6388888888888888,32.88732394366197,0.5352112676056338,0.04225352112676056,2.569593147751606,14.98929336188437,0.4282655246252676,11.13490364025696,0.7850881006380376,-0.5654590038725092,0.0029302166662163454
University of Delaware || 1993,University of Delaware,1993,DE,0,1,1,Semi-Urban,1,1,Public R1,Y,Y,41,1421,0.5378683477378049,0.49830727599999997,0.3170731707317073,0.4878048780487805,0.1951219512195122,6.333567909922589,13.370865587614356,0.7037297677691766,0.0,0.0,0.7777777777777778,34.65853658536585,0.4634146341463415,0.17073170731707318,1.4074595355383532,19.000703729767768,0.0,6.333567909922589,-0.15360564423884163,0.19349468199150632,-0.30948221655224156
University of Delaware || 2008,University of Delaware,2008,DE,0,1,1,Semi-Urban,1,1,Public R1,Y,Y,41,1421,0.5378683477378049,0.49830727599999997,0.3170731707317073,0.4878048780487805,0.1951219512195122,6.333567909922589,13.370865587614356,0.7037297677691766,0.0,0.0,0.7777777777777778,34.65853658536585,0.4634146341463415,0.17073170731707318,1.4074595355383532,19.000703729767768,0.0,6.333567909922589,-0.15360564423884163,0.19349468199150632,-0.30948221655224156
University of Delaware || 2021,University of Delaware,2021,DE,0,1,1,Semi-Urban,1,1,Public R1,Y,Y,76,3380,0.5472924761348684,0.5027309744999999,0.35526315789473684,0.3815789473684211,0.2631578947368421,5.029585798816568,15.088757396449704,0.0,0.0,0.0,0.8378378378378378,44.473684210526315,0.5921052631578947,0.07894736842105263,0.2958579881656805,41.42011834319527,0.2958579881656805,2.662721893491124,-0.08052339347286934,-1.011204162658232,0.012376873772487362
University of Denver || 2008,University of Denver,2008,CO,1,1,0,Urban,0,1,Private R1,N,N,58,1760,0.4279123563103448,0.4968545535,0.1896551724137931,0.46551724137931033,0.3448275862068966,2.840909090909091,11.363636363636363,0.0,0.0,0.0,0.8666666666666667,30.344827586206897,0.39655172413793105,0.034482758620689655,1.1363636363636362,47.72727272727273,0.0,1.7045454545454544,-0.1835782478198985,-0.1351882913560749,0.5459039462011921
University of Denver || 2023,University of Denver,2023,CO,1,1,0,Urban,0,1,Private R1,N,N,81,3154,0.4096254244845679,0.488333176,0.24691358024691357,0.345679012345679,0.4074074074074074,3.804692454026633,14.584654407102093,0.0,0.0,0.0,0.7746478873239436,38.93827160493827,0.5185185185185185,0.1111111111111111,2.2194039315155356,11.731135066582118,0.31705770450221943,4.121750158528852,-0.08557433714957423,-0.4273918905184326,-0.24041355888689364
University of Florida || 2013,University of Florida,2013,FL,0,1,1,Semi-Urban,1,1,Public R1,Y,Y,486,15040,0.41190317866882714,0.495319761,0.15637860082304528,0.5061728395061729,0.3374485596707819,6.382978723404255,12.832446808510637,0.26595744680851063,0.7313829787234042,0.06648936170212766,0.7292993630573248,30.94650205761317,0.3991769547325103,0.12962962962962962,2.127659574468085,25.33244680851064,0.13297872340425532,2.9255319148936167,0.20684748074602288,0.309917026113049,0.17865415290897518
University of Georgia || 1982,University of Georgia,1982,GA,0,1,1,Semi-Urban,1,1,Public R1,Y,Y,63,1985,0.529821330515873,0.502204048,0.1746031746031746,0.7301587301587301,0.09523809523809523,3.526448362720403,6.045340050377834,0.0,1.5113350125944585,0.0,0.35,31.50793650793651,0.36507936507936506,0.14285714285714285,0.0,49.87405541561713,0.0,0.0,0.8427202368617595,0.4424059027494583,0.18110834377887164
University of Georgia || 1995,University of Georgia,1995,GA,0,1,1,Semi-Urban,1,1,Public R1,Y,Y,96,3070,0.3943229635625,0.47560618899999996,0.14583333333333334,0.4895833333333333,0.3645833333333333,2.9315960912052117,21.824104234527685,0.0,0.0,0.0,0.7333333333333333,31.979166666666668,0.4791666666666667,0.07291666666666667,3.257328990228013,11.726384364820847,0.0,3.9087947882736156,-0.3154207634393161,-0.2270544584861631,0.15811742856483446
University of Hawaii || 1985,University of Hawaii,1985,HI,0,1,1,Urban,1,1,Public R1,Y,Y,46,3058,0.4272313300597826,0.4814366605,0.2826086956521739,0.2391304347826087,0.4782608695652174,3.924133420536298,23.217789404839763,0.0,0.0,0.0,0.7435897435897436,66.47826086956522,0.7608695652173914,0.32608695652173914,1.962066710268149,40.222367560497055,0.0,1.3080444735120995,-0.28910053771040506,-1.1275400069501929,0.6123969421471803
University of Hawaii || 2014,University of Hawaii,2014,HI,0,1,1,Urban,1,1,Public R1,Y,Y,45,2989,0.4192630950111111,0.479180016,0.26666666666666666,0.2222222222222222,0.5111111111111111,4.014720642355303,23.4192037470726,0.0,0.0,0.0,0.7435897435897436,66.42222222222222,0.7777777777777778,0.3333333333333333,2.0073603211776514,40.48176647708264,0.0,1.3382402141184342,-0.2876977240760205,-1.1332550974291578,0.638459605591118
University of Hawaii || 2020,University of Hawaii,2020,HI,0,1,1,Urban,1,1,Public R1,Y,Y,74,2818,0.38193895235135134,0.46881085,0.24324324324324326,0.3108108108108108,0.44594594594594594,4.61320085166785,19.8722498225692,0.35486160397445,0.0,0.0,0.5256410256410257,38.08108108108108,0.5405405405405406,0.14864864864864866,0.35486160397445,29.098651525904895,0.0,4.258339247693399,-0.01756248917355152,-0.26146619793602743,-0.3765181069479663
University of Houston || 1997,University of Houston,1997,TX,0,1,1,Urban,0,1,Public R1,Y,N,80,2644,0.46512556165875,0.4960697665,0.25,0.4375,0.3125,3.0257186081694405,15.506807866868382,0.0,0.0,0.0,0.6842105263157895,33.05,0.3625,0.1625,2.26928895612708,23.07110438729198,0.0,5.29500756429652,-0.06248942235169208,0.4836980550683451,0.15752411139054134
University of Houston || 2007,University of Houston,2007,TX,0,1,1,Urban,0,1,Public R1,Y,N,110,3669,0.4121472702809091,0.4943864025,0.20909090909090908,0.4090909090909091,0.38181818181818183,3.8157536113382395,16.898337421640775,0.0,0.0,0.0,0.7745098039215687,33.35454545454545,0.42727272727272725,0.21818181818181817,1.0902153175252112,26.710275279367675,0.0,4.088307440719542,-0.151989407735537,0.5802402885234896,-0.17382883592639337
University of Houston || 2015,University of Houston,2015,TX,0,1,1,Urban,0,1,Public R1,Y,N,538,20038,0.37483115412035317,0.48119514249999995,0.137546468401487,0.47769516728624534,0.3847583643122677,3.5432677911967265,18.61463219882224,0.7984828825232059,0.0,0.0,0.7861915367483296,37.2453531598513,0.48141263940520446,0.14869888475836432,0.548956981734704,5.090328376085438,0.0,1.0480087833117078,-0.5819003156925884,-0.07142768354512323,-1.1038837982720064
University of Houston || 2017,University of Houston,2017,TX,0,1,1,Urban,0,1,Public R1,Y,N,600,23241,0.37216218931516665,0.477778339,0.125,0.48833333333333334,0.38666666666666666,3.4852200851942685,17.856374510563228,0.688438535347016,0.0,0.0,0.7926829268292683,38.735,0.485,0.16,0.4733014930510735,4.776042338969924,0.0,0.946602986102147,-0.5251979392406302,-0.0859563686809815,-1.1434424520171278
University of Houston || 2023,University of Houston,2023,TX,0,1,1,Urban,0,1,Public R1,Y,N,666,24011,0.372070050270045,0.47962326099999997,0.12162162162162163,0.4924924924924925,0.3858858858858859,3.581691724626213,17.700220732164425,0.708008829286577,0.0,0.04164757819332806,0.7721280602636534,36.052552552552555,0.46096096096096095,0.14564564564564564,0.5830660947065929,4.789471492232726,0.0,0.9995418766398734,-0.4904791564845656,0.016383978417175583,-1.1008309144024675
University of Idaho || 1998,University of Idaho,1998,ID,0,1,1,Rural,1,1,Public R1,Y,Y,85,2800,0.42246370325588234,0.489259425,0.2,0.4,0.4,1.0714285714285714,7.857142857142858,0.35714285714285715,0.0,0.0,0.6285714285714286,32.94117647058823,0.4117647058823529,0.21176470588235294,1.0714285714285714,17.142857142857142,1.4285714285714286,3.2142857142857144,-0.08074729724407385,0.6059015783799026,-0.500614522823471
University of Idaho || 2016,University of Idaho,2016,ID,0,1,1,Rural,1,1,Public R1,Y,Y,106,3934,0.38595545919103774,0.4794472125,0.1509433962264151,0.4339622641509434,0.41509433962264153,1.0167768174885612,14.74326385358414,0.5083884087442806,0.0,0.0,0.7162162162162162,37.113207547169814,0.5566037735849056,0.16981132075471697,2.0335536349771224,14.74326385358414,1.2709710218607015,4.321301474326385,-0.46009028958749215,-0.15739897018877322,-0.21119209635468597
University of Idaho || 2022,University of Idaho,2022,ID,0,1,1,Rural,1,1,Public R1,Y,Y,116,3922,0.39232097948706895,0.4901496635,0.15517241379310345,0.45689655172413796,0.3879310344827586,1.0198878123406425,15.80826109127996,0.5099439061703213,0.0,0.0,0.717948717948718,33.810344827586206,0.5086206896551724,0.14655172413793102,2.039775624681285,15.80826109127996,1.2748597654258031,4.334523202447731,-0.4937247847593839,-0.011151015583501456,-0.17322923611304497
University of Illinois At Chicago || 2017,University of Illinois At Chicago,2017,IL,0,1,1,Urban,0,1,Public R1,Y,N,393,13521,0.3019720394692112,0.279907101,0.09923664122137404,0.3816793893129771,0.5190839694656488,2.7364839878707197,17.602248354411657,0.3697951334960432,0.0,0.0,0.6378378378378379,34.404580152671755,0.46055979643765904,0.10432569974554708,1.1093854004881294,6.656312402928777,0.1479180533984173,1.0354263737889209,-0.24817192688795794,-0.12135702447140463,-0.8363042758306702
University of Illinois At Chicago || 2018,University of Illinois At Chicago,2018,IL,0,1,1,Urban,0,1,Public R1,Y,N,390,13454,0.30081915933333336,0.28211052000000003,0.09743589743589744,0.37948717948717947,0.5230769230769231,2.7501114910063924,17.68990634755463,0.37163668797383675,0.0,0.0,0.6378378378378379,34.4974358974359,0.46153846153846156,0.10512820512820513,1.1149100639215104,6.615133045934295,0.07432733759476735,1.040582726326743,-0.2504257287401701,-0.12375214717232545,-0.8355575979605006
University of Illinois At Chicago || 2020,University of Illinois At Chicago,2020,IL,0,1,1,Urban,0,1,Public R1,Y,N,403,13314,0.34641528144007444,0.44559259599999995,0.10918114143920596,0.4392059553349876,0.45161290322580644,2.5537028691602823,17.65059336037254,0.3004356316659156,0.0,0.0,0.6363636363636364,33.03722084367246,0.43424317617866004,0.10173697270471464,1.9528316058284514,6.8349106203995795,0.1502178158329578,1.2768514345801412,-0.23259800231575556,-0.008591231719208984,-0.5063526711119354
University of Illinois At Chicago || 2021,University of Illinois At Chicago,2021,IL,0,1,1,Urban,0,1,Public R1,Y,N,375,12319,0.33993050488226667,0.43642489,0.09333333333333334,0.45066666666666666,0.456,2.597613442649566,17.858592418215764,0.32470168033119573,0.0,0.0,0.6426332288401254,32.85066666666667,0.424,0.09866666666666667,1.9482100819871744,6.981086127120708,0.16235084016559787,1.298806721324783,-0.2533763736986357,0.010628617517899527,-0.5032453696598289
University of Illinois At Chicago || 2023,University of Illinois At Chicago,2023,IL,0,1,1,Urban,0,1,Public R1,Y,N,382,12990,0.34007929601099474,0.43644726074999995,0.10732984293193717,0.4319371727748691,0.4607329842931937,2.4634334103156275,17.705927636643572,0.30792917628945343,0.0,0.0,0.6317365269461078,34.00523560209424,0.4424083769633508,0.0968586387434555,1.924557351809084,6.851424172440339,0.15396458814472672,1.308698999230177,-0.23892741619762184,-0.09460475484550372,-0.516661846334769
University of Illinois Urbana Champaign || 2006,University of Illinois Urbana Champaign,2006,IL,0,1,1,Semi-Urban,1,1,Public R1,Y,Y,44,1699,0.41036522384090907,0.4938186415,0.1590909090909091,0.4772727272727273,0.36363636363636365,4.7086521483225425,8.24014125956445,0.5885815185403178,0.0,0.5885815185403178,0.5416666666666666,38.61363636363637,0.5454545454545454,0.13636363636363635,0.0,10.59446733372572,0.0,5.29723366686286,0.28308471593581463,-0.358021305861074,-1.1309018353627858
University of Illinois Urbana Champaign || 2023,University of Illinois Urbana Champaign,2023,IL,0,1,1,Semi-Urban,1,1,Public R1,Y,Y,378,12842,0.3333093043898148,0.38943552049999997,0.10582010582010581,0.42857142857142855,0.4656084656084656,2.4139542127394487,17.67637439651145,0.3114779629341224,0.0,0.0,0.6268656716417911,33.973544973544975,0.4497354497354497,0.09523809523809523,1.8688677776047344,6.151689767948917,0.1557389814670612,1.2459118517364896,-0.23750454761485548,-0.12063818881069381,-0.5614258379232824
University of Iowa || 2015,University of Iowa,2015,IA,0,1,1,Semi-Urban,0,1,Public R1,Y,N,265,7701,0.45401478006981133,0.497433036,0.22264150943396227,0.46037735849056605,0.3169811320754717,3.3761849110505127,12.595766783534607,0.0,0.0,0.0,0.6517412935323383,29.060377358490566,0.3433962264150943,0.06792452830188679,0.6492663290481755,37.78730035060382,0.0,6.752369822101025,0.09096896056585994,0.22516665966373606,0.026785957115922687
University of Iowa || 2016,University of Iowa,2016,IA,0,1,1,Semi-Urban,0,1,Public R1,Y,N,265,7680,0.453761842640566,0.49728121399999997,0.2188679245283019,0.46037735849056605,0.32075471698113206,3.385416666666667,12.630208333333334,0.0,0.0,0.0,0.6517412935323383,28.9811320754717,0.3433962264150943,0.06792452830188679,0.6510416666666666,37.63020833333333,0.0,6.770833333333334,0.09070609791478827,0.22845241048810064,0.022220741967620583
University of Iowa || 2017,University of Iowa,2017,IA,0,1,1,Semi-Urban,0,1,Public R1,Y,N,263,8086,0.4531210671960076,0.497025603,0.21673003802281368,0.4448669201520912,0.33840304182509506,4.081127875340094,11.872372000989364,0.0,0.0,0.0,0.6666666666666666,30.745247148288975,0.40304182509505704,0.06463878326996197,0.6183527083848628,32.40168191936681,0.0,7.543903042295326,0.15011807973564556,-0.01765671284777966,-0.1649781582278973
University of Iowa || 2018,University of Iowa,2018,IA,0,1,1,Semi-Urban,0,1,Public R1,Y,N,264,8169,0.450067512651894,0.49715340499999994,0.21212121212121213,0.45075757575757575,0.3371212121212121,4.039662137348513,11.751744399559309,0.0,0.0,0.0,0.6702702702702703,30.943181818181817,0.4090909090909091,0.06439393939393939,0.6120700208103806,32.3172970987881,0.0,7.467254253886645,0.14582030016813183,-0.04296209394123296,-0.1702100832068716
University of Iowa || 2019,University of Iowa,2019,IA,0,1,1,Semi-Urban,0,1,Public R1,Y,N,284,8887,0.45739285437341554,0.4970093745,0.22535211267605634,0.44366197183098594,0.33098591549295775,3.9383368965905254,11.477438955778101,0.0,0.0,0.0,0.660377358490566,31.29225352112676,0.43661971830985913,0.07042253521126761,0.5626195566557893,32.06931472938,0.0,7.089006413862946,0.15799276825246764,-0.09944407373016118,-0.1974881511287223
University of Iowa || 2020,University of Iowa,2020,IA,0,1,1,Semi-Urban,0,1,Public R1,Y,N,283,8870,0.45755635362561836,0.49728121399999997,0.22614840989399293,0.4416961130742049,0.3321554770318021,3.9458850056369785,11.499436302142051,0.0,0.0,0.0,0.660377358490566,31.342756183745582,0.4416961130742049,0.0706713780918728,0.5636978579481398,32.13077790304396,0.0,7.1025930101465615,0.15795757820667702,-0.11360972181022817,-0.19502096950158576
University of Iowa || 2021,University of Iowa,2021,IA,0,1,1,Semi-Urban,0,1,Public R1,Y,N,284,8879,0.4578449305899648,0.4970093745,0.22535211267605634,0.44366197183098594,0.33098591549295775,3.9418853474490376,11.487780155422909,0.0,0.0,0.0,0.660377358490566,31.264084507042252,0.43661971830985913,0.07042253521126761,0.5631264782070053,32.0982092577993,0.0,7.095393625408267,0.15797622501661499,-0.09827610060010528,-0.1963283013293835
University of Iowa || 2022,University of Iowa,2022,IA,0,1,1,Semi-Urban,0,1,Public R1,Y,N,283,8859,0.45859675779169606,0.496737535,0.22968197879858657,0.43462897526501765,0.33568904593639576,3.9507845129247094,11.513714866237725,0.0,0.0,0.0,0.660377358490566,31.30388692579505,0.4381625441696113,0.0706713780918728,0.5643977875606727,32.17067389095835,0.0,7.1114121232644765,0.1579347362094634,-0.10272699962814598,-0.19341951219778675
University of Iowa || 2023,University of Iowa,2023,IA,0,1,1,Semi-Urban,0,1,Public R1,Y,N,284,8864,0.4589957975125,0.49735712249999997,0.22535211267605634,0.4471830985915493,0.3274647887323944,3.9485559566787,11.507220216606498,0.0,0.0,0.0,0.660377358490566,31.211267605633804,0.43309859154929575,0.07042253521126761,0.5640794223826715,32.15252707581227,0.0,7.107400722021661,0.15794512596348806,-0.08684771129729833,-0.19414794007175581
University of Kansas || 1998,University of Kansas,1998,KS,0,1,1,Semi-Urban,1,1,Public R1,Y,Y,47,1619,0.37633951505319146,0.34479335,0.2553191489361702,0.2127659574468085,0.5319148936170213,4.323656578134651,25.3242742433601,0.0,0.0,0.0,0.8148148148148148,34.4468085106383,0.48936170212765956,0.10638297872340426,1.8529956763434219,17.294626312538604,0.0,5.558987029030265,-0.4070821667783043,-0.18836351374662919,-0.1953281705296115
University of Kansas || 2001,University of Kansas,2001,KS,0,1,1,Semi-Urban,1,1,Public R1,Y,Y,110,4187,0.3331191158568182,0.378688109,0.12727272727272726,0.37272727272727274,0.5,2.3883448770002387,15.046572725101504,0.0,0.0,0.0,0.8068181818181818,38.06363636363636,0.509090909090909,0.16363636363636364,1.910675901600191,22.450441843802246,0.0,5.732027704800574,-0.2528566164323745,-0.10309939918344578,-0.0009582558567003963
University of Kentucky || 1988,University of Kentucky,1988,KY,0,1,1,Urban,1,1,Public R1,Y,Y,109,3460,0.4264705741330275,0.492949111,0.22935779816513763,0.3944954128440367,0.3761467889908257,4.0462427745664735,19.075144508670522,0.0,4.913294797687861,1.445086705202312,0.6203703703703703,31.743119266055047,0.43119266055045874,0.07339449541284404,0.28901734104046245,7.803468208092485,0.0,2.3121387283236996,0.7398841065044843,-0.08900180436634124,-1.113108448629809
University of Kentucky || 1993,University of Kentucky,1993,KY,0,1,1,Urban,1,1,Public R1,Y,Y,132,4168,0.41648713613825755,0.485013475,0.20454545454545456,0.4015151515151515,0.3939393939393939,3.838771593090211,17.034548944337814,0.0,3.838771593090211,1.199616122840691,0.664179104477612,31.575757575757574,0.42424242424242425,0.07575757575757576,0.2399232245681382,8.157389635316697,0.0,2.159309021113244,0.5741737757819451,-0.051981670528408075,-1.1201449464861366
University of Kentucky || 2005,University of Kentucky,2005,KY,0,1,1,Urban,1,1,Public R1,Y,Y,141,4913,0.4159931299503546,0.494034849,0.18439716312056736,0.4397163120567376,0.375886524822695,4.0708324852432325,16.893954813759414,0.4070832485243232,0.0,0.0,0.7372262773722628,34.843971631205676,0.5035460992907801,0.19148936170212766,1.0177081213108081,14.654996946875636,0.0,2.8495827396702627,-0.2600587243393698,0.18456377370678292,-0.6043488071059709
University of Louisville || 1998,University of Louisville,1998,KY,0,1,1,Urban,0,1,Public R1,Y,N,74,2435,0.3918712704222973,0.492882087,0.14864864864864866,0.5,0.35135135135135137,3.696098562628337,19.301848049281315,0.4106776180698152,0.0,0.0,0.828125,32.9054054054054,0.4594594594594595,0.16216216216216217,2.053388090349076,18.069815195071868,0.0,1.2320328542094456,-0.47505643865852604,0.23360574628140315,-0.09246034202445702
University of Louisville || 2005,University of Louisville,2005,KY,0,1,1,Urban,0,1,Public R1,Y,N,128,4581,0.4076041036191406,0.49346143350000005,0.1953125,0.40625,0.3984375,3.929273084479371,17.68172888015717,0.4365858982754857,0.0,0.0,0.7575757575757576,35.7890625,0.515625,0.2109375,1.0914647456887143,15.062213490504258,0.0,2.837808338790657,-0.3324193062577856,0.21117302771821356,-0.5624154994749178
University of Maine || 2002,University of Maine,2002,ME,0,1,1,Rural,1,1,Public R1,Y,Y,260,8877,0.4135805346598077,0.49185693350000004,0.2,0.4115384615384615,0.38846153846153847,3.2668694378731553,11.94097104877774,0.3379520108144643,2.253013405429762,0.0,0.5766871165644172,34.14230769230769,0.4576923076923077,0.1,1.6897600540723217,23.20603807592655,0.4506026810859525,3.9427734595020842,0.3074123513735045,-0.1246422620007747,-0.060578556806173176
University of Maryland Baltimore || 1990,University of Maryland Baltimore,1990,MD,0,1,1,Urban,0,1,Public R1,Y,N,48,1640,0.419270703625,0.4611991025,0.20833333333333334,0.4166666666666667,0.375,1.829268292682927,9.146341463414634,0.0,0.0,0.0,0.45652173913043476,34.166666666666664,0.5833333333333334,0.1875,0.0,40.24390243902439,0.0,1.2195121951219512,0.3102621503817435,-0.016689588911731223,-0.14055640244095702
University of Maryland Baltimore || 2005,University of Maryland Baltimore,2005,MD,0,1,1,Urban,0,1,Public R1,Y,N,260,10510,0.37647958160365386,0.467820024,0.17307692307692307,0.38461538461538464,0.4423076923076923,2.378686964795433,17.41198858230257,0.0,0.0,0.0,0.7553956834532374,40.42307692307692,0.5692307692307692,0.15,0.9514747859181732,17.69743101807802,0.0,6.75547098001903,-0.2586194417351751,-0.42707363009410937,-0.5281676069533181
University of Maryland Baltimore || 2006,University of Maryland Baltimore,2006,MD,0,1,1,Urban,0,1,Public R1,Y,N,246,6364,0.3831556943851626,0.47727923625,0.13008130081300814,0.4796747967479675,0.3902439024390244,2.042740414833438,23.727215587680707,0.0,0.0,0.0,0.7253886010362695,25.869918699186993,0.2926829268292683,0.17073170731707318,0.6285355122564426,21.370207416719044,0.0,4.871150219987429,-0.43243593649434414,1.0058492114837856,-0.5295381725938266
University of Maryland Baltimore || 2016,University of Maryland Baltimore,2016,MD,0,1,1,Urban,0,1,Public R1,Y,N,234,6127,0.37318157973824784,0.473002291,0.12393162393162394,0.4658119658119658,0.41025641025641024,1.7953321364452424,23.33931777378815,0.0,0.0,0.0,0.7303370786516854,26.183760683760685,0.3034188034188034,0.1623931623931624,0.6528480496164518,22.19683368695936,0.0,5.222784396931615,-0.44715606766795807,0.9228700423656223,-0.49258836500861614
University of Maryland Baltimore || 2019,University of Maryland Baltimore,2019,MD,0,1,1,Urban,0,1,Public R1,Y,N,234,6414,0.3957172360705128,0.4803627445,0.1452991452991453,0.47863247863247865,0.37606837606837606,1.7149984409105083,22.606797630183973,0.0,0.0,0.0,0.7158469945355191,27.41025641025641,0.3076923076923077,0.1581196581196581,0.9354536950420954,21.671343935141877,0.15590894917368256,5.300904271905207,-0.4142128045150763,0.8393816359825147,-0.4015856883356993
University of Maryland Baltimore County || 2002,University of Maryland Baltimore County,2002,MD,0,1,1,Semi-Urban,0,1,Public R1,Y,N,385,10421,0.4092394833051948,0.4895157205,0.15324675324675324,0.4961038961038961,0.35064935064935066,1.8232415315228865,20.15161692735822,0.1919201612129354,0.4798004030323385,0.28788024181940314,0.6822742474916388,27.067532467532466,0.32987012987012987,0.14285714285714285,0.7676806448517416,17.752614912196528,0.28788024181940314,3.166682660013435,-0.28342093739263,0.7188976446615744,-0.596923705039124
University of Maryland Baltimore County || 2022,University of Maryland Baltimore County,2022,MD,0,1,1,Semi-Urban,0,1,Public R1,Y,N,115,3869,0.3806416908869565,0.486809485,0.12173913043478261,0.5304347826086957,0.34782608695652173,2.5846471956577926,13.181700697854742,1.033858878263117,0.5169294391315585,0.0,0.7538461538461538,33.643478260869564,0.4434782608695652,0.11304347826086956,0.25846471956577927,14.990953734815198,0.25846471956577927,3.8769707934866893,-0.5022299078039766,-0.0012829095612504893,-0.8847691975452996
University of Maryland College Park || 2018,University of Maryland College Park,2018,MD,0,1,1,Semi-Urban,1,1,Public R1,Y,Y,108,3856,0.37444815633564815,0.4642352195,0.1388888888888889,0.5,0.3611111111111111,2.8526970954356843,13.226141078838173,1.037344398340249,0.0,0.0,0.7164179104477612,35.7037037037037,0.4351851851851852,0.1111111111111111,0.25933609958506226,15.819502074688796,0.25933609958506226,3.6307053941908713,-0.49612462341890673,-0.07463377994082565,-0.8567594494932844
University of Massachusetts Amherst || 1997,University of Massachusetts Amherst,1997,MA,0,1,1,Rural,1,1,Public R1,Y,Y,196,6621,0.3930146798163265,0.4573927575,0.20408163265306123,0.34183673469387754,0.45408163265306123,0.9062075215224287,11.327594019030359,0.45310376076121434,0.0,0.0,0.6777777777777778,33.78061224489796,0.45408163265306123,0.15816326530612246,0.6041383476816191,19.63449629965262,0.15103458692040478,3.6248300860897147,-0.2977426385498934,0.19138172540273204,-0.5968855861345315
University of Massachusetts Amherst || 2004,University of Massachusetts Amherst,2004,MA,0,1,1,Rural,1,1,Public R1,Y,Y,154,5881,0.3911196566201299,0.4419244805,0.2077922077922078,0.3181818181818182,0.474025974025974,1.0202346539704132,12.412854956640027,0.17003910899506886,0.0,0.0,0.7516778523489933,38.188311688311686,0.487012987012987,0.14285714285714285,1.7003910899506887,27.886413875191295,0.17003910899506886,3.5708212888964463,-0.29045722192529233,-0.15450210235019654,0.09983817951922563
University of Massachusetts Medical Center || 1997,University of Massachusetts Medical Center,1997,MA,0,0,1,Urban,0,1,Public R2,Y,N,196,6686,0.3924395425497449,0.45739280250000003,0.20408163265306123,0.34183673469387754,0.45408163265306123,0.8973975471133712,11.36703559676937,0.4486987735566856,0.0,0.0,0.6795580110497238,34.11224489795919,0.4642857142857143,0.15816326530612246,0.5982650314089142,19.443613520789707,0.14956625785222855,3.5895901884534847,-0.2999215591801307,0.15085860429003387,-0.6055174895098403
University of Massachusetts Medical Center || 2004,University of Massachusetts Medical Center,2004,MA,0,0,1,Urban,0,1,Public R2,Y,N,157,5767,0.39242570886464967,0.463580824,0.20382165605095542,0.33121019108280253,0.46496815286624205,1.0404022888850357,12.138026703658747,0.17340038148083925,0.0,0.0,0.7516778523489933,36.732484076433124,0.4713375796178344,0.14012738853503184,1.7340038148083927,27.91746141841512,0.17340038148083925,3.4680076296167854,-0.2822678734977664,-0.06669459805303571,0.11378660559849374
University of Miami || 2014,University of Miami,2014,FL,1,1,1,Urban,0,1,Private R1,Y,N,2056,63305,0.4064243969622325,0.4891341185,0.10457198443579767,0.5890077821011673,0.30642023346303504,2.780191138140747,17.881683911223444,0.8214201089961298,0.04738962167285365,0.1737619461337967,0.6642738818332413,30.79036964980545,0.36770428015564205,0.1580739299610895,0.4265065950556828,1.7534160018955849,0.0,0.30013427059473974,-0.45261893828594824,0.541548199839467,-1.262378649058027
University of Miami || 2016,University of Miami,2016,FL,1,1,1,Urban,0,1,Private R1,Y,N,87,3117,0.3968046103850575,0.487691571,0.12643678160919541,0.5402298850574713,0.3333333333333333,2.8873917228103942,7.378889958293231,0.32082130253448826,0.6416426050689765,0.0,0.6527777777777778,35.827586206896555,0.41379310344827586,0.1839080459770115,0.9624639076034649,14.757779916586461,0.32082130253448826,1.6041065126724414,0.13806942753529103,0.3412638872489027,-0.6221361759665116
University of Michigan || 2007,University of Michigan,2007,MI,0,1,1,Semi-Urban,0,1,Public R1,Y,N,98,2898,0.41409396534438775,0.4805388195,0.19387755102040816,0.4387755102040816,0.3673469387755102,5.866114561766736,17.94340924775707,0.0,0.3450655624568668,0.0,0.7027027027027027,29.571428571428573,0.40816326530612246,0.09183673469387756,1.0351966873706004,24.499654934437544,0.0,4.140786749482402,0.11112882265334713,0.15391068987668854,-0.2688014607299143
University of Michigan || 2021,University of Michigan,2021,MI,0,1,1,Semi-Urban,0,1,Public R1,Y,N,101,3487,0.41815021634405936,0.484522246,0.16831683168316833,0.46534653465346537,0.36633663366336633,4.5884714654430745,14.338973329509606,0.0,0.28677946659019216,0.0,0.7012987012987013,34.524752475247524,0.5148514851485149,0.07920792079207921,0.8603383997705765,20.648121594493833,0.0,3.7281330656724982,0.10868625143340693,-0.39469304203665817,-0.4646166128947574
University of Minnesota || 2010,University of Minnesota,2010,MN,0,1,1,Urban,1,1,Public R1,Y,Y,41,1595,0.3534241911280488,0.454479965,0.14634146341463414,0.3902439024390244,0.4634146341463415,5.642633228840125,21.3166144200627,0.6269592476489029,0.0,0.0,0.7692307692307693,38.90243902439025,0.5365853658536586,0.024390243902439025,0.0,16.927899686520377,0.6269592476489029,2.5078369905956115,-0.3971785388598381,-0.9080120634247372,-0.9193535956397088
University of Minnesota || 2015,University of Minnesota,2015,MN,0,1,1,Urban,1,1,Public R1,Y,Y,52,1834,0.39908155045673077,0.4768768755,0.19230769230769232,0.40384615384615385,0.40384615384615385,5.997818974918212,18.538713195201744,0.5452562704471101,0.0,0.0,0.725,35.26923076923077,0.5576923076923077,0.019230769230769232,0.0,20.174482006543077,0.5452562704471101,2.1810250817884405,-0.19744546648482,-0.8386095961662455,-0.8109118003130706
University of Minnesota || 2022,University of Minnesota,2022,MN,0,1,1,Urban,1,1,Public R1,Y,Y,103,3564,0.40832644118932043,0.491805308,0.18446601941747573,0.42718446601941745,0.3883495145631068,6.453423120089787,16.835016835016834,0.5611672278338945,0.0,0.0,0.746268656716418,34.601941747572816,0.5145631067961165,0.019417475728155338,1.122334455667789,19.36026936026936,0.5611672278338945,3.0864197530864197,-0.14447414920164184,-0.6968470495202529,-0.4069948325143291
University of Missouri System || 1996,University of Missouri System,1996,MO,0,0,1,,1,1,Public R2,Y,Y,106,4449,0.39670213579245284,0.49064908549999997,0.10377358490566038,0.5754716981132075,0.32075471698113206,1.573387278040009,19.779725781074397,0.0,0.0,0.0,0.7073170731707317,41.971698113207545,0.5283018867924528,0.3113207547169811,2.2476961114857272,46.752079118903126,0.22476961114857272,0.6743088334457181,-0.3325247610766426,0.42475029092386807,0.9402177541778907
University of Missouri System || 2010,University of Missouri System,2010,MO,0,0,1,,1,1,Public R2,Y,Y,105,5069,0.41486686323571426,0.496084793,0.12380952380952381,0.580952380952381,0.29523809523809524,1.578220556322746,18.346813967251926,0.0,0.0,0.0,0.7175572519083969,48.27619047619048,0.580952380952381,0.3238095238095238,1.9727756954034328,43.00651015979483,0.19727756954034326,1.1836654172420598,-0.30309183485237323,0.08780899652708325,0.7095059588156987
University of Missouri System || 2019,University of Missouri System,2019,MO,0,0,1,,1,1,Public R2,Y,Y,103,5023,0.40683561355097086,0.492989027,0.11650485436893204,0.5728155339805825,0.3106796116504854,1.5926737009755125,18.713915986462275,0.0,0.0,0.0,0.7196969696969697,48.76699029126213,0.5436893203883495,0.3300970873786408,1.990842126219391,43.00218992633884,0.19908421262193907,1.1945052757316346,-0.31529981925194006,0.19674418072414745,0.7163013655141626
University of Missouri System || 2021,University of Missouri System,2021,MO,0,0,1,,1,1,Public R2,Y,Y,186,8082,0.45959743700806455,0.49623423299999997,0.21505376344086022,0.46774193548387094,0.3172043010752688,3.5882207374412274,15.961395694135113,1.1135857461024499,0.0,0.0,0.6376811594202898,43.45161290322581,0.521505376344086,0.15591397849462366,3.8356842365751054,55.55555555555555,0.6186587478346943,5.815392229646128,-0.45161164346219734,-0.3977831806576784,1.8442508894564598
University of Missouri System || 2025,University of Missouri System,2025,MO,0,0,1,,1,1,Public R2,Y,Y,191,7717,0.4649700987774869,0.49646532099999996,0.21465968586387435,0.4869109947643979,0.29842931937172773,3.75793702215887,16.327588441104055,1.1662563172217184,0.0,0.0,0.6470588235294118,40.403141361256544,0.49214659685863876,0.1518324607329843,3.498768951665155,55.85071919139562,0.647920176234288,5.572113515614876,-0.4829826617470551,-0.21481446557867398,1.7246933807580054
University of Montana || 1999,University of Montana,1999,MT,0,1,1,Semi-Urban,0,1,Public R1,Y,N,54,1808,0.5275951576527778,0.49936186450000003,0.37037037037037035,0.37037037037037035,0.25925925925925924,8.29646017699115,12.168141592920353,0.0,0.0,0.0,0.627906976744186,33.48148148148148,0.4444444444444444,0.18518518518518517,0.5530973451327433,61.94690265486726,0.0,2.2123893805309733,0.5283441379518076,0.3645219802487872,0.7968203145447714
University of Montana || 2007,University of Montana,2007,MT,0,1,1,Semi-Urban,0,1,Public R1,Y,N,54,1899,0.523806405699074,0.500855479,0.37037037037037035,0.37037037037037035,0.25925925925925924,7.898894154818325,11.58504476040021,0.0,0.0,0.0,0.5869565217391305,35.166666666666664,0.48148148148148145,0.18518518518518517,0.0,62.66456029489205,0.0,2.10637177461822,0.5643775650683472,0.19747437030192846,0.6083346314625298
University of Nebraska || 2003,University of Nebraska,2003,NE,0,1,1,Urban,1,1,Public R1,Y,Y,2140,77562,0.40689257122619155,0.48603872800000003,0.16448598130841122,0.4705607476635514,0.3649532710280374,2.9137979938629743,15.96142440886001,0.9411825378406952,0.09025038034088859,0.18050076068177717,0.7416587225929456,36.24392523364486,0.4261682242990654,0.1233644859813084,1.3021840592042495,3.7776230628400502,0.4512519017044429,1.2248265903406308,-0.5279439067675754,-0.011952859773209415,-0.8583995988803578
University of Nebraska || 2018,University of Nebraska,2018,NE,0,1,1,Urban,1,1,Public R1,Y,Y,693,25247,0.35561679761839826,0.4672791,0.09379509379509379,0.5108225108225108,0.3953823953823954,1.8616073196815464,24.200895155860103,2.6933893135818114,0.0,0.0,0.7886393659180978,36.43145743145743,0.44877344877344877,0.12265512265512266,2.534954648076999,0.712955994771656,0.03960866637620311,0.07921733275240622,-1.6979555096970789,-0.08259403326040755,-0.4872310010575448
University of Nebraska || 2019,University of Nebraska,2019,NE,0,1,1,Urban,1,1,Public R1,Y,Y,34,1232,0.6302402986323529,0.5112916784999999,0.47058823529411764,0.38235294117647056,0.14705882352941177,5.681818181818182,10.551948051948052,0.0,0.0,0.0,0.72,36.23529411764706,0.5294117647058824,0.17647058823529413,2.435064935064935,21.915584415584416,0.0,0.0,0.25083325441306786,-0.016273122545645984,0.18260579996178464
University of Nebraska || 2025,University of Nebraska,2025,NE,0,1,1,Urban,1,1,Public R1,Y,Y,3619,130755,0.3909517890751865,0.479159527,0.14423873998342082,0.4807957999447361,0.37496546007184306,2.730297120569003,15.93820503996023,2.2408320905510304,0.298267752667202,0.13001414859852398,0.7153024911032029,36.13014644929539,0.44128212213318596,0.1511467256148107,1.5295782188061642,2.271423654927154,1.0783526442583458,0.8871553669075752,-1.0507283229369315,0.09237353198591626,-0.8213623575995569
University of New Hampshire || 2007,University of New Hampshire,2007,NH,0,1,0,Rural,1,1,Public R1,N,Y,123,3737,0.48972106325000003,0.493188344,0.25203252032520324,0.4715447154471545,0.2764227642276423,2.9435375970029436,12.30933904201231,0.0,0.0,0.5351886540005352,0.6428571428571429,30.382113821138212,0.3170731707317073,0.06504065040650407,1.6055659620016056,39.87155472303987,0.2675943270002676,2.9435375970029436,0.14310571283202303,0.22497173955329242,0.46373943222748293
University of New Hampshire || 2014,University of New Hampshire,2014,NH,0,1,0,Rural,1,1,Public R1,N,Y,123,3944,0.46026073163211384,0.493188344,0.1951219512195122,0.5447154471544715,0.2601626016260163,2.281947261663286,10.649087221095334,0.0,0.0,0.5070993914807302,0.5875,32.0650406504065,0.3333333333333333,0.06504065040650407,2.535496957403651,31.69371196754564,0.2535496957403651,4.563894523326572,0.20373199288569133,0.11253040388906155,0.5477912998874991
University of New Mexico || 1999,University of New Mexico,1999,NM,0,1,1,Urban,1,1,Public R1,Y,Y,157,4311,0.4549707236066879,0.495209548,0.21656050955414013,0.49044585987261147,0.2929936305732484,6.726977499420088,20.64486198097889,0.0,0.0,0.0,0.7364341085271318,27.45859872611465,0.37579617834394907,0.2356687898089172,1.855717930874507,11.830201809324983,0.0,1.3917884481558804,0.01999088231027542,1.0474206122490222,-0.3768042791797387
University of New Mexico || 2010,University of New Mexico,2010,NM,0,1,1,Urban,1,1,Public R1,Y,Y,140,4100,0.4183023047517857,0.48057409500000003,0.20714285714285716,0.40714285714285714,0.38571428571428573,4.390243902439025,17.31707317073171,0.0,0.0,0.0,0.6981132075471698,29.285714285714285,0.42857142857142855,0.25,2.4390243902439024,12.439024390243903,0.0,2.682926829268293,-0.022974645205161178,0.9050332343885739,-0.13240774723755083
University of New Mexico || 2022,University of New Mexico,2022,NM,0,1,1,Urban,1,1,Public R1,Y,Y,131,3973,0.4463197811774809,0.489534935,0.24427480916030533,0.4122137404580153,0.3435114503816794,4.530581424616159,17.870626730430406,0.0,0.0,0.0,0.6981132075471698,30.328244274809162,0.3893129770992366,0.2595419847328244,2.5169896803423106,12.836647369745783,0.0,2.5169896803423106,-0.02784510028018009,1.0126407045460553,-0.08917824185334788
University of New Orleans || 2012,University of New Orleans,2012,LA,0,0,0,Urban,0,1,Public R2,N,N,111,4488,0.4556869536441442,0.492783399,0.2702702702702703,0.3963963963963964,0.3333333333333333,5.124777183600713,14.260249554367201,0.0,0.0,0.22281639928698752,0.6829268292682927,40.432432432432435,0.5405405405405406,0.15315315315315314,0.22281639928698752,18.93939393939394,0.8912655971479501,4.45632798573975,0.17217244675951612,-0.3363807658875347,-0.7665773613881566
University of New Orleans || 2014,University of New Orleans,2014,LA,0,0,0,Urban,0,1,Public R2,N,N,100,4284,0.4744247938275,0.4951660805,0.3,0.37,0.33,4.6685340802987865,15.172735760971054,0.0,0.0,0.2334267040149393,0.6538461538461539,42.84,0.55,0.15,0.2334267040149393,18.440709617180207,0.9337068160597572,5.368814192343604,0.1464411924783414,-0.4768305294352631,-0.7791586814132201
University of New Orleans || 2023,University of New Orleans,2023,LA,0,0,0,Urban,0,1,Public R2,N,N,102,4495,0.4151351555465686,0.490501913,0.23529411764705882,0.38235294117647056,0.38235294117647056,5.561735261401558,16.017797552836484,0.0,0.0,0.2224694104560623,0.6605504587155964,44.068627450980394,0.5392156862745098,0.13725490196078433,0.4449388209121246,20.022246941045605,0.8898776418242492,5.339265850945495,0.18382083310770211,-0.5633652271440214,-0.6450860176216522
University of North Carolina Chapel Hill || 2013,University of North Carolina Chapel Hill,2013,NC,0,1,1,Semi-Urban,0,1,Public R1,Y,N,62,2628,0.4367828099153226,0.45566657325000004,0.24193548387096775,0.2903225806451613,0.46774193548387094,2.28310502283105,11.796042617960426,0.380517503805175,0.0,0.0,0.5789473684210527,42.38709677419355,0.532258064516129,0.24193548387096775,1.5220700152207,52.891933028919325,0.0,1.9025875190258752,-0.04658169447371968,0.04934082577225252,0.8665712977488434
University of North Dakota || 1992,University of North Dakota,1992,ND,0,1,1,Semi-Urban,0,1,Public R1,Y,N,50,1578,0.461088513965,0.4965083295,0.14,0.64,0.22,3.802281368821293,20.91254752851711,0.0,0.0,0.0,0.7073170731707317,31.56,0.36,0.14,1.2674271229404308,58.30164765525982,0.0,1.9011406844106464,-0.186516877248191,0.4392520762320677,0.9494517807445649
University of North Dakota || 2005,University of North Dakota,2005,ND,0,1,1,Semi-Urban,0,1,Public R1,Y,N,131,5136,0.3449214761755725,0.454515844,0.11450381679389313,0.4580152671755725,0.42748091603053434,2.920560747663551,12.65576323987539,0.19470404984423675,0.0,0.0,0.703125,39.20610687022901,0.4961832061068702,0.17557251908396945,1.3629283489096573,56.85358255451713,0.3894080996884735,5.646417445482866,-0.09507249435447947,-0.05677146861106105,0.9377678597493373
University of North Dakota || 2013,University of North Dakota,2013,ND,0,1,1,Semi-Urban,0,1,Public R1,Y,N,69,2444,0.3231680172282609,0.182082685,0.18840579710144928,0.2318840579710145,0.5797101449275363,6.13747954173486,25.368248772504092,0.0,0.0,0.0,0.8275862068965517,35.42028985507246,0.43478260869565216,0.07246376811594203,1.6366612111292964,27.414075286415713,0.8183306055646482,9.410801963993453,-0.2785562768917466,-0.25555293996302286,0.05958116813441809
University of North Texas || 2001,University of North Texas,2001,TX,0,1,1,Semi-Urban,0,1,Public R1,Y,N,67,2253,0.4455148740447761,0.494902422,0.1791044776119403,0.5373134328358209,0.2835820895522388,3.9946737683089215,25.74345317354638,0.0,0.0,0.0,0.8421052631578947,33.62686567164179,0.373134328358209,0.16417910447761194,1.7754105636928539,67.90945406125167,0.0,0.44385264092321347,-0.47969780668399203,0.4402947871006105,1.465497637805379
University of North Texas || 2005,University of North Texas,2005,TX,0,1,1,Semi-Urban,0,1,Public R1,Y,N,42,1537,0.3992829988452381,0.47821713,0.2619047619047619,0.30952380952380953,0.42857142857142855,2.602472348731295,16.916070266753415,0.0,0.0,0.0,0.7575757575757576,36.595238095238095,0.5714285714285714,0.14285714285714285,0.0,40.988939492517886,0.0,5.855562784645413,-0.22889334856737273,-0.3099310114353835,-0.11567080038262434
University of North Texas || 2015,University of North Texas,2015,TX,0,1,1,Semi-Urban,0,1,Public R1,Y,N,75,2226,0.39976910813333333,0.49358946,0.12,0.56,0.32,3.1446540880503147,16.621743036837376,0.0,0.0,0.0,0.7222222222222222,29.68,0.38666666666666666,0.16,0.44923629829290207,35.93890386343217,0.0,4.0431266846361185,-0.1327579543272792,0.547490339482142,-0.11178977155598102
University of North Texas || 2018,University of North Texas,2018,TX,0,1,1,Semi-Urban,0,1,Public R1,Y,N,113,3471,0.39598997212389375,0.489708513,0.11504424778761062,0.5309734513274337,0.35398230088495575,2.016709881878421,18.726591760299627,0.0,0.0,0.0,0.6585365853658537,30.716814159292035,0.3805309734513274,0.08849557522123894,0.5762028233938347,25.92912705272256,0.28810141169691733,3.4572169403630078,-0.205490727102194,0.16217067486825884,-0.3973640355249518
University of Notre Dame || 2003,University of Notre Dame,2003,IN,1,1,0,Urban,0,1,Private R1,N,N,109,3775,0.37046561993119265,0.479751523,0.14678899082568808,0.4036697247706422,0.44954128440366975,3.443708609271523,9.006622516556291,0.0,0.0,0.5298013245033113,0.675,34.63302752293578,0.46788990825688076,0.09174311926605505,0.7947019867549668,15.099337748344372,0.0,4.503311258278146,0.2389210700842094,-0.21313368539531652,-0.6751685343486774
University of Notre Dame || 2015,University of Notre Dame,2015,IN,1,1,0,Urban,0,1,Private R1,N,N,112,3710,0.34314568106473214,0.406472671,0.14285714285714285,0.375,0.48214285714285715,1.3477088948787064,7.277628032345014,1.078167115902965,0.0,0.0,0.6753246753246753,33.125,0.48214285714285715,0.07142857142857142,1.078167115902965,17.78975741239892,0.0,4.31266846361186,-0.40995461484999257,-0.2898322192575804,-0.47641844706505565
University of Notre Dame || 2021,University of Notre Dame,2021,IN,1,1,0,Urban,0,1,Private R1,N,N,142,4750,0.3703668839559859,0.46932244300000003,0.16901408450704225,0.3873239436619718,0.44366197183098594,1.473684210526316,8.0,1.263157894736842,0.0,0.0,0.6875,33.45070422535211,0.47183098591549294,0.08450704225352113,1.0526315789473684,17.052631578947366,0.0,2.947368421052632,-0.5156200204453772,-0.2107233414090797,-0.5108485569879074
University of Oklahoma || 1999,University of Oklahoma,1999,OK,0,1,1,,0,1,Public R1,Y,N,142,5364,0.3912801584419014,0.4714881675,0.2323943661971831,0.323943661971831,0.44366197183098594,2.9828486204325126,21.812080536912752,0.0,0.0,0.0,0.8024691358024691,37.774647887323944,0.4859154929577465,0.14084507042253522,1.4914243102162563,26.472781506338553,0.0,4.287844891871738,-0.39699504371964384,-0.14455669460392342,-0.02764843171068026
University of Oklahoma || 2004,University of Oklahoma,2004,OK,0,1,1,,0,1,Public R1,Y,N,140,5516,0.40935707346785716,0.4820049745,0.22857142857142856,0.37142857142857144,0.4,3.0819434372733867,21.9361856417694,0.0,0.0,0.0,0.8106508875739645,39.4,0.5357142857142857,0.14285714285714285,1.8129079042784628,26.6497461928934,0.0,3.9883973894126177,-0.402836688419155,-0.33252080970245296,0.10175137834000378
University of Oklahoma || 2017,University of Oklahoma,2017,OK,0,1,1,,0,1,Public R1,Y,N,150,5738,0.40710279080833334,0.484019251,0.23333333333333334,0.36666666666666664,0.4,2.9627047751829907,22.13314743813175,0.0,0.0,0.0,0.813953488372093,38.25333333333333,0.5066666666666667,0.14,1.742767514813524,27.18717323109097,0.0,4.008365284071105,-0.42226935752113276,-0.22308572007983307,0.09275997113663889
University of Oregon || 2015,University of Oregon,2015,OR,0,1,0,Semi-Urban,0,1,Public R1,N,N,14,611,0.47849007767857143,0.502002844,0.2857142857142857,0.5,0.21428571428571427,4.909983633387888,14.729950900163667,0.0,0.0,0.0,1.0,43.642857142857146,0.5714285714285714,0.14285714285714285,1.6366612111292964,24.54991816693944,0.0,1.6366612111292964,-0.28148349576389475,-0.6021467650217405,-0.03608692511491847
University of Pennsylvania || 1993,University of Pennsylvania,1993,PA,1,1,1,Urban,0,1,Private R1,Y,N,751,8215,0.45729165703994673,0.495311755,0.08388814913448735,0.7403462050599201,0.17576564580559254,2.0693852708460136,16.18989653073646,0.24345709068776628,0.0,0.24345709068776628,0.708994708994709,10.938748335552596,0.0,0.047936085219707054,0.6086427267194157,35.78819233110164,0.3651856360316494,2.3128423615337796,-0.26409177513219584,1.777323483307393,-0.05559232426686336
University of Pennsylvania || 2005,University of Pennsylvania,2005,PA,1,1,1,Urban,0,1,Private R1,Y,N,745,8563,0.45401313332187915,0.49522647599999997,0.09261744966442953,0.7221476510067114,0.18523489932885906,1.634941025341586,14.831250729884387,0.35034450543033985,0.0,0.0,0.6494845360824743,11.493959731543624,0.0,0.056375838926174496,0.5839075090505664,28.611467943477752,0.4671260072404531,2.6859745416326053,-0.26197443382289215,1.7966084783383562,-0.30480939936671
University of Pennsylvania || 2015,University of Pennsylvania,2015,PA,1,1,1,Urban,0,1,Private R1,Y,N,1278,14488,0.46881038075708137,0.49618882175,0.09780907668231612,0.7550860719874805,0.14710485133020346,2.2087244616234125,13.5284373274434,0.27609055770292656,0.0,0.0,0.7121771217712177,11.336463223787167,0.0,0.04929577464788732,1.311430149088901,29.05853119823302,0.27609055770292656,2.2087244616234125,-0.22397439111935327,1.7676486951026587,-0.01041934240007408
University of Pennsylvania || 2023,University of Pennsylvania,2023,PA,1,1,1,Urban,0,1,Private R1,Y,N,145,10365,0.4700406066603448,0.49717620349999997,0.2413793103448276,0.45517241379310347,0.30344827586206896,2.3154848046309695,13.796430294259526,0.2894356005788712,0.0,0.0,0.7463414634146341,71.48275862068965,0.696551724137931,0.1793103448275862,1.7366136034732274,41.96816208393633,0.3859141341051616,2.9908345393150024,-0.2714725942117729,-1.9020335203140648,0.5841082172729818
University of Pittsburgh || 1978,University of Pittsburgh,1978,PA,0,1,1,Urban,0,1,Public R1,Y,N,49,1622,0.4182042735,0.48664115,0.1836734693877551,0.4489795918367347,0.3673469387755102,1.2330456226880395,14.796547472256474,1.2330456226880395,0.0,0.0,0.5294117647058824,33.10204081632653,0.42857142857142855,0.061224489795918366,1.8495684340320593,63.50184956843403,0.0,4.315659679408138,-0.5234645431464129,-0.19947375563813596,1.3467612322177833
University of Pittsburgh || 2005,University of Pittsburgh,2005,PA,0,1,1,Urban,0,1,Public R1,Y,N,46,1710,0.41797237539130433,0.44022125,0.2608695652173913,0.3695652173913043,0.3695652173913043,2.923976608187134,8.187134502923977,0.0,0.0,0.0,0.6764705882352942,37.17391304347826,0.5434782608695652,0.06521739130434782,2.3391812865497075,52.63157894736842,0.0,2.923976608187134,0.15243879425285298,-0.649773854468656,1.171745268816665
University of Pittsburgh || 2021,University of Pittsburgh,2021,PA,0,1,1,Urban,0,1,Public R1,Y,N,93,3227,0.4707812780403226,0.494912887,0.1827956989247312,0.5591397849462365,0.25806451612903225,5.268050821196158,6.817477533312674,0.0,0.0,0.0,0.6521739130434783,34.69892473118279,0.44086021505376344,0.06451612903225806,1.8593120545398203,16.73380849085838,0.6197706848466068,10.845986984815617,0.41091851320346257,-0.28142780249119825,-0.21163425413231363
University of Rhode Island || 1986,University of Rhode Island,1986,RI,0,1,0,Rural,1,1,Public R1,N,Y,280,7590,0.3638572034257143,0.46183577200000003,0.1,0.5,0.4,3.4255599472990776,19.894598155467722,0.922266139657444,0.0,0.0,0.7579908675799086,27.107142857142858,0.32857142857142857,0.18928571428571428,1.976284584980237,13.83399209486166,0.26350461133069825,3.8208168642951255,-0.6468270770791245,0.9533940869065326,-0.26356173045101167
University of Rhode Island || 2013,University of Rhode Island,2013,RI,0,1,0,Rural,1,1,Public R1,N,Y,2932,87195,0.39794722840324015,0.4888317095,0.09140518417462483,0.6019781718963165,0.3066166439290587,3.153850564825965,27.444234187740122,0.5046160903721544,0.0,0.13762257010149664,0.8136094674556213,29.739085948158255,0.34379263301500684,0.16336971350613916,0.21790240266070302,4.24336257812948,0.06881128505074832,0.5504902804059866,-0.7610620926625629,0.6744210634540854,-1.2593392967398351
University of Rhode Island || 2021,University of Rhode Island,2021,RI,0,1,0,Rural,1,1,Public R1,N,Y,130,5298,0.3765426729442307,0.47626798800000003,0.13076923076923078,0.45384615384615384,0.4153846153846154,3.3975084937712343,13.21253303133258,0.0,0.0,0.1887504718761797,0.7087378640776699,40.753846153846155,0.5615384615384615,0.13076923076923078,1.5100037750094375,37.183842959607404,0.5662514156285391,6.60626651566629,0.027559632316315825,-0.5170035076507579,0.3372574151781211
University of Rochester || 1997,University of Rochester,1997,NY,1,1,1,Urban,0,1,Private R1,Y,N,118,3676,0.520089562381356,0.49518681350000004,0.3135593220338983,0.4322033898305085,0.2542372881355932,2.992383025027203,6.800870511425463,0.2720348204570185,0.0,0.0,0.4634146341463415,31.152542372881356,0.3813559322033898,0.0847457627118644,0.8161044613710555,26.659412404787812,0.2720348204570185,2.7203482045701852,0.34651495074570254,0.12314300253408535,-0.2808197118886362
University of Rochester || 2013,University of Rochester,2013,NY,1,1,1,Urban,0,1,Private R1,Y,N,114,3600,0.49225595028947366,0.494096521,0.2543859649122807,0.49122807017543857,0.2543859649122807,3.3333333333333335,7.5,0.2777777777777778,0.0,0.0,0.4691358024691358,31.57894736842105,0.3508771929824561,0.08771929824561403,0.8333333333333334,26.38888888888889,0.2777777777777778,2.7777777777777777,0.3439237494509247,0.200335904986183,-0.28323770698920664
University of South Alabama || 1984,University of South Alabama,1984,AL,0,0,1,Urban,0,1,Public R2,Y,N,32,1237,0.4928786376484375,0.49532496550000005,0.375,0.21875,0.40625,1.6168148746968471,12.126111560226354,0.0,0.0,0.0,0.6896551724137931,38.65625,0.65625,0.0,4.042037186742118,29.911075181891675,0.0,4.042037186742118,-0.08384802087706571,-1.3340308258811848,1.0669429514784892
University of South Alabama || 2005,University of South Alabama,2005,AL,0,0,1,Urban,0,1,Public R2,Y,N,83,2939,0.458440437503012,0.48926625599999995,0.3373493975903614,0.26506024096385544,0.39759036144578314,4.423273222184417,17.01258931609391,0.0,0.0,0.6805035726437564,0.76,35.40963855421687,0.4578313253012048,0.10843373493975904,1.0207553589656344,40.83021435862538,0.0,2.041510717931269,-0.0026584080593392936,-0.13527882219905707,0.2711219026132633
University of South Alabama || 2020,University of South Alabama,2020,AL,0,0,1,Urban,0,1,Public R2,Y,N,155,5301,0.4514963443619355,0.4945312225,0.25806451612903225,0.3870967741935484,0.3548387096774194,3.0182984342576873,15.468779475570647,0.0,0.0,0.3772873042822109,0.7016129032258065,34.2,0.45161290322580644,0.09032258064516129,0.9432182607055273,34.899075646104514,0.0,5.470665912092057,-0.0360628200759343,-0.15959349237959666,0.04322731541650418
University of South Alabama || 2022,University of South Alabama,2022,AL,0,0,1,Urban,0,1,Public R2,Y,N,97,3390,0.5031800689149485,0.49705055800000003,0.35051546391752575,0.3402061855670103,0.30927835051546393,3.8348082595870205,15.339233038348082,0.0,0.0,0.5899705014749262,0.7317073170731707,34.94845360824742,0.4742268041237113,0.061855670103092786,0.8849557522123894,47.49262536873156,0.0,2.6548672566371683,0.022668012896281602,-0.392654531064554,0.4414950389676804
University of South Carolina || 1994,University of South Carolina,1994,SC,0,1,1,Urban,0,1,Public R1,Y,N,186,5316,0.41613077529166664,0.47950027650000004,0.16666666666666666,0.44623655913978494,0.3870967741935484,4.138449962377727,13.732129420617005,0.3762227238525207,0.0,0.0,0.6933333333333334,28.580645161290324,0.3333333333333333,0.11827956989247312,1.128668171557562,19.939804364183598,0.3762227238525207,1.128668171557562,-0.09451709889448927,0.5238735080694565,-0.38520438349704533
University of South Carolina || 2005,University of South Carolina,2005,SC,0,1,1,Urban,0,1,Public R1,Y,N,113,3619,0.575970387909292,0.500703567,0.34513274336283184,0.49557522123893805,0.1592920353982301,4.973749654600718,8.013263332412269,0.0,0.0,0.0,0.5606060606060606,32.02654867256637,0.4778761061946903,0.10619469026548672,0.5526388505111909,31.224095053882287,0.0,9.671179883945841,0.4663635773396118,-0.058821045683240085,-0.2295538433145035
University of South Carolina || 2021,University of South Carolina,2021,SC,0,1,1,Urban,0,1,Public R1,Y,N,96,2883,0.5289359506380208,0.4993084565,0.2916666666666667,0.4479166666666667,0.2604166666666667,7.977800901838362,9.018383628165106,0.346860908775581,0.0,0.0,0.5454545454545454,30.03125,0.3958333333333333,0.0625,0.693721817551162,23.239680887963928,0.0,7.630939993062782,0.5480337790085094,0.020139797742846577,-0.4420548522040126
University of South Carolina || 2025,University of South Carolina,2025,SC,0,1,1,Urban,0,1,Public R1,Y,N,105,3036,0.5211219482285714,0.499387307,0.2857142857142857,0.49523809523809526,0.21904761904761905,8.893280632411068,9.881422924901186,0.32938076416337286,0.0,0.0,0.574468085106383,28.914285714285715,0.3904761904761905,0.047619047619047616,0.6587615283267457,20.092226613965742,0.0,6.258234519104084,0.5678139611176506,0.0059147728469752065,-0.5606145994097811
University of South Florida || 2012,University of South Florida,2012,FL,0,1,1,Urban,0,1,Public R1,Y,N,116,5113,0.42053590802629315,0.4948086545,0.1896551724137931,0.4396551724137931,0.3706896551724138,6.6497164091531396,9.583414824955995,0.19557989438685702,0.0,0.0,0.6413043478260869,44.077586206896555,0.646551724137931,0.19827586206896552,1.3690592607079992,35.79112067279484,0.0,1.173479366321142,0.3706495500307141,-0.5394777562923175,0.2365980758417573
University of South Florida || 2020,University of South Florida,2020,FL,0,1,1,Urban,0,1,Public R1,Y,N,118,4903,0.4249421556843221,0.49490989899999993,0.211864406779661,0.4322033898305085,0.3559322033898305,6.934529879665511,9.993881297165,0.20395676116663267,0.0,0.0,0.6451612903225806,41.55084745762712,0.5847457627118644,0.19491525423728814,1.6316540893330613,31.001427697328165,0.0,1.223740566999796,0.37315463620565836,-0.2893957655130297,0.17748196381688147
University of South Florida || 2023,University of South Florida,2023,FL,0,1,1,Urban,0,1,Public R1,Y,N,125,4909,0.427515478664,0.49361342999999996,0.208,0.432,0.36,6.926054186188633,10.796496231411693,0.20370747606437156,0.0,0.0,0.6382978723404256,39.272,0.56,0.184,1.6296598085149725,31.77836626604196,0.0,1.2222448563862294,0.35771559640454953,-0.18469656600605186,0.20266708811755535
University of South Florida || 2025,University of South Florida,2025,FL,0,1,1,Urban,0,1,Public R1,Y,N,123,4881,0.43826488561951216,0.475493094,0.22764227642276422,0.3983739837398374,0.37398373983739835,6.556033599672198,10.858430649457079,0.2048760499897562,0.0,0.0,0.6413043478260869,39.68292682926829,0.5772357723577236,0.18699186991869918,1.6390083999180496,31.755787748412207,0.0,1.229256299938537,0.321941657721536,-0.23195935628515055,0.20550392228546618
University of Southern California || 2001,University of Southern California,2001,CA,1,1,1,Urban,0,1,Private R1,Y,N,286,9493,0.44322672800087415,0.49284199649999993,0.23076923076923078,0.4020979020979021,0.36713286713286714,2.317497103128621,6.215105867481302,0.6320446644896239,0.31602233224481197,0.0,0.4521276595744681,33.19230769230769,0.43006993006993005,0.10839160839160839,0.7373854419045612,36.55324976298325,0.42136310965974927,2.001474770883809,0.204789717904207,0.02928534385829203,0.019414882034010317
University of Tennessee || 2003,University of Tennessee,2003,TN,0,1,1,Urban,1,1,Public R1,Y,Y,132,5043,0.45515209072537877,0.4964624495,0.24242424242424243,0.4090909090909091,0.3484848484848485,5.552250644457664,12.095974618282767,0.0,0.0,0.0,0.7,38.20454545454545,0.5757575757575758,0.10606060606060606,1.784651992861392,22.209002577830656,0.0,2.577830656355344,0.22028647273963997,-0.5724649948154309,-0.057431303555513624
University of Texas Hlth Sci Ctr San Antonio || 1978,University of Texas Hlth Sci Ctr San Antonio,1978,TX,0,1,1,Urban,0,1,Public R1,Y,N,46,1627,0.5666611249293478,0.502135598,0.2826086956521739,0.5217391304347826,0.1956521739130435,12.90719114935464,15.980331899200985,0.0,0.0,0.0,0.725,35.369565217391305,0.5869565217391305,0.06521739130434782,3.073140749846343,55.931161647203446,0.0,0.0,0.6667069299139016,-0.6890347438768156,1.5638872237028885
University of Texas Hlth Sci Ctr San Antonio || 2013,University of Texas Hlth Sci Ctr San Antonio,2013,TX,0,1,1,Urban,0,1,Public R1,Y,N,55,1352,0.42766902664545453,0.464785693,0.14545454545454545,0.5636363636363636,0.2909090909090909,3.698224852071006,23.668639053254438,0.0,0.0,0.0,0.6875,24.581818181818182,0.2727272727272727,0.12727272727272726,4.437869822485207,18.49112426035503,0.0,2.2189349112426036,-0.2505902844730623,0.8937699832389856,0.8375436311679233
University of Texas Hlth Sci Ctr San Antonio || 2014,University of Texas Hlth Sci Ctr San Antonio,2014,TX,0,1,1,Urban,0,1,Public R1,Y,N,128,4104,0.4206693574296875,0.48308870700000006,0.140625,0.5703125,0.2890625,1.949317738791423,16.08187134502924,0.0,0.0,0.0,0.5375,32.0625,0.3828125,0.1484375,2.6803118908382064,15.594541910331383,0.0,3.654970760233918,0.016859842059436192,0.400857808103198,0.0656761124961337
University of Texas Hlth Sci Ctr San Antonio || 2015,University of Texas Hlth Sci Ctr San Antonio,2015,TX,0,1,1,Urban,0,1,Public R1,Y,N,186,5827,0.4288573929905914,0.492141629,0.20967741935483872,0.44623655913978494,0.34408602150537637,2.4026085464218294,13.38596190149305,0.1716148961729878,0.0,0.1716148961729878,0.6330275229357798,31.327956989247312,0.45161290322580644,0.15591397849462366,1.0296893770379267,20.42217264458555,0.0,4.290372404324695,-0.03916619936251741,0.28827858443344406,-0.4071123148766017
University of Texas Hlth Sci Ctr San Antonio || 2016,University of Texas Hlth Sci Ctr San Antonio,2016,TX,0,1,1,Urban,0,1,Public R1,Y,N,120,3726,0.4299524395729167,0.48601295850000004,0.23333333333333334,0.38333333333333336,0.38333333333333336,2.147074610842727,17.176596886741816,0.0,0.0,0.2683843263553409,0.6486486486486487,31.05,0.43333333333333335,0.125,1.3419216317767044,15.029522275899089,0.0,3.757380568974772,-0.10366912012984124,0.1928021861164896,-0.4673014893055304
University of Texas Hlth Sci Ctr San Antonio || 2017,University of Texas Hlth Sci Ctr San Antonio,2017,TX,0,1,1,Urban,0,1,Public R1,Y,N,124,3806,0.42731934700604834,0.485082252,0.21774193548387097,0.4032258064516129,0.3790322580645161,2.10194429847609,16.81555438780872,0.0,0.0,0.26274303730951126,0.6233766233766234,30.693548387096776,0.41935483870967744,0.12903225806451613,1.3137151865475565,15.764582238570677,0.0,3.941145559642669,-0.06602443068971195,0.2644697711221848,-0.4535838516206219
University of Texas Hlth Sci Ctr San Antonio || 2018,University of Texas Hlth Sci Ctr San Antonio,2018,TX,0,1,1,Urban,0,1,Public R1,Y,N,123,3811,0.43162677397764226,0.485094007,0.21951219512195122,0.4146341463414634,0.36585365853658536,2.0991865652059825,16.79349252164786,0.0,0.0,0.2623983206507478,0.631578947368421,30.983739837398375,0.42276422764227645,0.13008130081300814,1.3119916032537393,15.74389923904487,0.0,3.9359748097612175,-0.07585410583427843,0.24875078977147116,-0.4549367676473203
University of Texas Hlth Sci Ctr San Antonio || 2021,University of Texas Hlth Sci Ctr San Antonio,2021,TX,0,1,1,Urban,0,1,Public R1,Y,N,74,2276,0.3956649676993243,0.490071588,0.0945945945945946,0.5945945945945946,0.3108108108108108,3.0755711775043935,7.0298769771529,0.0,0.0,0.0,0.75,30.756756756756758,0.4189189189189189,0.10810810810810811,1.757469244288225,15.377855887521969,0.0,7.9086115992970125,0.1068561007437967,0.15810670563282642,-0.2960456007110472
University of Texas Houston Hlth. Sci. Ctr_ || 1978,University of Texas Houston Hlth. Sci. Ctr_,1978,TX,0,1,1,Urban,0,1,Public R1,Y,N,46,1627,0.5666611249293478,0.502135598,0.2826086956521739,0.5217391304347826,0.1956521739130435,12.90719114935464,15.980331899200985,0.0,0.0,0.0,0.725,35.369565217391305,0.5869565217391305,0.06521739130434782,3.073140749846343,55.931161647203446,0.0,0.0,0.6667069299139016,-0.6890347438768156,1.5638872237028885
University of Texas Houston Hlth. Sci. Ctr_ || 2012,University of Texas Houston Hlth. Sci. Ctr_,2012,TX,0,1,1,Urban,0,1,Public R1,Y,N,82,2898,0.4005024732439024,0.47339958800000004,0.2073170731707317,0.36585365853658536,0.4268292682926829,2.4154589371980677,13.457556935817806,0.0,0.0,0.0,0.6753246753246753,35.34146341463415,0.5,0.18292682926829268,0.6901311249137336,27.950310559006212,0.0,4.830917874396135,-0.0406886360403487,0.13031900875433736,-0.28609045749101586
University of Texas Houston Hlth. Sci. Ctr_ || 2013,University of Texas Houston Hlth. Sci. Ctr_,2013,TX,0,1,1,Urban,0,1,Public R1,Y,N,55,1352,0.42766902664545453,0.464785693,0.14545454545454545,0.5636363636363636,0.2909090909090909,3.698224852071006,23.668639053254438,0.0,0.0,0.0,0.6875,24.581818181818182,0.2727272727272727,0.12727272727272726,4.437869822485207,18.49112426035503,0.0,2.2189349112426036,-0.2505902844730623,0.8937699832389856,0.8375436311679233
University of Texas Houston Hlth. Sci. Ctr_ || 2014,University of Texas Houston Hlth. Sci. Ctr_,2014,TX,0,1,1,Urban,0,1,Public R1,Y,N,128,4104,0.42060674586328123,0.48308870700000006,0.140625,0.5703125,0.2890625,1.949317738791423,16.08187134502924,0.0,0.0,0.0,0.5375,32.0625,0.390625,0.1328125,2.6803118908382064,15.594541910331383,0.0,3.654970760233918,0.016859842059436192,0.3020369577445759,0.0656761124961337
University of Texas Houston Hlth. Sci. Ctr_ || 2015,University of Texas Houston Hlth. Sci. Ctr_,2015,TX,0,1,1,Urban,0,1,Public R1,Y,N,125,3817,0.42068726414200003,0.485094007,0.216,0.408,0.376,2.095886822111606,16.76709457689285,0.0,0.0,0.26198585276395076,0.631578947368421,30.536,0.432,0.128,1.3099292638197537,15.981137018600995,0.0,3.9297877914592614,-0.07540131810271063,0.23265050894443398,-0.447804780920219
University of Texas Houston Hlth. Sci. Ctr_ || 2016,University of Texas Houston Hlth. Sci. Ctr_,2016,TX,0,1,1,Urban,0,1,Public R1,Y,N,119,3739,0.4263998509579832,0.485094007,0.23529411764705882,0.37815126050420167,0.3865546218487395,2.1396095212623694,17.116876170098955,0.0,0.0,0.26745119015779617,0.6486486486486487,31.42016806722689,0.4369747899159664,0.12605042016806722,1.337255950788981,14.977266648836588,0.0,3.744316662209147,-0.10264476736043888,0.17316515535952046,-0.4708391128552068
University of Texas Houston Hlth. Sci. Ctr_ || 2017,University of Texas Houston Hlth. Sci. Ctr_,2017,TX,0,1,1,Urban,0,1,Public R1,Y,N,124,3806,0.42613654628830644,0.485082252,0.21774193548387097,0.4112903225806452,0.3709677419354839,2.10194429847609,16.81555438780872,0.0,0.0,0.26274303730951126,0.6233766233766234,30.693548387096776,0.41935483870967744,0.12903225806451613,1.3137151865475565,15.764582238570677,0.0,3.941145559642669,-0.06602443068971195,0.2644697711221848,-0.4535838516206219
University of Texas Houston Hlth. Sci. Ctr_ || 2021,University of Texas Houston Hlth. Sci. Ctr_,2021,TX,0,1,1,Urban,0,1,Public R1,Y,N,83,2840,0.38471497768072294,0.468976927,0.1927710843373494,0.3614457831325301,0.4457831325301205,2.112676056338028,13.732394366197184,0.0,0.0,0.0,0.6753246753246753,34.21686746987952,0.5180722891566265,0.18072289156626506,0.7042253521126761,27.464788732394368,0.0,4.929577464788733,-0.07302618320763445,0.11848398673290156,-0.2968938753931492
University of Texas Medical Branch (Galveston) || 1978,University of Texas Medical Branch (Galveston),1978,TX,0,0,1,Semi-Urban,0,1,Public R2,Y,N,46,1627,0.5666611249293478,0.502135598,0.2826086956521739,0.5217391304347826,0.1956521739130435,12.90719114935464,15.980331899200985,0.0,0.0,0.0,0.725,35.369565217391305,0.5869565217391305,0.06521739130434782,3.073140749846343,55.931161647203446,0.0,0.0,0.6667069299139016,-0.6890347438768156,1.5638872237028885
University of Texas Medical Branch (Galveston) || 2012,University of Texas Medical Branch (Galveston),2012,TX,0,0,1,Semi-Urban,0,1,Public R2,Y,N,106,3434,0.35726381301179244,0.44134374350000005,0.12264150943396226,0.46226415094339623,0.41509433962264153,2.0384391380314506,17.763541059988352,0.0,0.0,0.0,0.6764705882352942,32.39622641509434,0.44339622641509435,0.09433962264150944,2.6208503203261504,18.92836342457775,0.0,3.4944670937682005,-0.19797867157941137,-0.04310918152126053,0.15419136959394575
University of Texas Medical Branch (Galveston) || 2013,University of Texas Medical Branch (Galveston),2013,TX,0,0,1,Semi-Urban,0,1,Public R2,Y,N,55,1352,0.42766902664545453,0.464785693,0.14545454545454545,0.5636363636363636,0.2909090909090909,3.698224852071006,23.668639053254438,0.0,0.0,0.0,0.6875,24.581818181818182,0.2727272727272727,0.12727272727272726,4.437869822485207,18.49112426035503,0.0,2.2189349112426036,-0.2505902844730623,0.8937699832389856,0.8375436311679233
University of Texas Medical Branch (Galveston) || 2014,University of Texas Medical Branch (Galveston),2014,TX,0,0,1,Semi-Urban,0,1,Public R2,Y,N,125,4104,0.418721935224,0.48038590000000003,0.144,0.56,0.296,1.949317738791423,16.08187134502924,0.0,0.0,0.0,0.5375,32.832,0.392,0.136,2.6803118908382064,15.594541910331383,0.0,3.654970760233918,0.016859842059436192,0.282501437772184,0.0656761124961337
University of Texas Medical Branch (Galveston) || 2015,University of Texas Medical Branch (Galveston),2015,TX,0,0,1,Semi-Urban,0,1,Public R2,Y,N,128,3805,0.41992278477148437,0.48701748850000004,0.2109375,0.421875,0.3671875,2.102496714848883,16.819973718791065,0.0,0.0,0.2628120893561104,0.631578947368421,29.7265625,0.421875,0.125,1.314060446780552,16.03153745072273,0.0,3.9421813403416555,-0.07630832154292355,0.27773935868346267,-0.4445344366376963
University of Texas Medical Branch (Galveston) || 2016,University of Texas Medical Branch (Galveston),2016,TX,0,0,1,Semi-Urban,0,1,Public R2,Y,N,120,3727,0.4257554174979167,0.48601295850000004,0.23333333333333334,0.38333333333333336,0.38333333333333336,2.1464985242822645,17.171988194258116,0.0,0.0,0.26831231553528306,0.6486486486486487,31.058333333333334,0.43333333333333335,0.125,1.3415615776764154,15.025489669975853,0.0,3.7563724174939632,-0.10359007005853627,0.19245666073218146,-0.4675744903674742
University of Texas Medical Branch (Galveston) || 2017,University of Texas Medical Branch (Galveston),2017,TX,0,0,1,Semi-Urban,0,1,Public R2,Y,N,124,3806,0.42731934700604834,0.485082252,0.21774193548387097,0.4032258064516129,0.3790322580645161,2.10194429847609,16.81555438780872,0.0,0.0,0.26274303730951126,0.6233766233766234,30.693548387096776,0.41935483870967744,0.12903225806451613,1.3137151865475565,15.764582238570677,0.0,3.941145559642669,-0.06602443068971195,0.2644697711221848,-0.4535838516206219
University of Texas Medical Branch (Galveston) || 2018,University of Texas Medical Branch (Galveston),2018,TX,0,0,1,Semi-Urban,0,1,Public R2,Y,N,123,3811,0.43111283440447157,0.485094007,0.21951219512195122,0.4146341463414634,0.36585365853658536,2.0991865652059825,16.79349252164786,0.0,0.0,0.2623983206507478,0.631578947368421,30.983739837398375,0.42276422764227645,0.13008130081300814,1.3119916032537393,15.74389923904487,0.0,3.9359748097612175,-0.07585410583427843,0.24875078977147116,-0.4549367676473203
University of Texas Medical Branch (Galveston) || 2019,University of Texas Medical Branch (Galveston),2019,TX,0,0,1,Semi-Urban,0,1,Public R2,Y,N,111,3459,0.3447531488265766,0.430076464,0.10810810810810811,0.45045045045045046,0.44144144144144143,2.0237062734894478,17.346053772766695,0.0,0.0,0.0,0.676056338028169,31.16216216216216,0.40540540540540543,0.0990990990990991,2.3128071697022263,17.346053772766695,0.0,3.7583116507661174,-0.186471145048704,0.13159375286047378,-0.016986768379460726
University of Texas Southwestern Med. Ctr_ || 1978,University of Texas Southwestern Med. Ctr_,1978,TX,0,1,1,Urban,0,1,Public R1,Y,N,46,1627,0.5677739103641304,0.502135598,0.2826086956521739,0.5217391304347826,0.1956521739130435,12.90719114935464,15.980331899200985,0.0,0.0,0.0,0.725,35.369565217391305,0.5869565217391305,0.06521739130434782,3.073140749846343,55.931161647203446,0.0,0.0,0.6667069299139016,-0.6890347438768156,1.5638872237028885
University of Texas Southwestern Med. Ctr_ || 2013,University of Texas Southwestern Med. Ctr_,2013,TX,0,1,1,Urban,0,1,Public R1,Y,N,56,1373,0.4287270137946429,0.4591233925,0.14285714285714285,0.5714285714285714,0.2857142857142857,3.641660597232338,23.306627822286963,0.0,0.0,0.0,0.6875,24.517857142857142,0.26785714285714285,0.125,4.369992716678805,18.20830298616169,0.0,2.1849963583394025,-0.24457647075128075,0.897807399220761,0.802023804769453
University of Texas Southwestern Med. Ctr_ || 2014,University of Texas Southwestern Med. Ctr_,2014,TX,0,1,1,Urban,0,1,Public R1,Y,N,127,4160,0.41991062183464567,0.481968612,0.14173228346456693,0.5669291338582677,0.29133858267716534,1.9230769230769231,15.865384615384615,0.0,0.0,0.0,0.524390243902439,32.75590551181102,0.3858267716535433,0.14960629921259844,2.644230769230769,15.384615384615385,0.0,3.605769230769231,0.03738105015375759,0.37005731974789974,0.04480463573139554
University of Texas Southwestern Med. Ctr_ || 2015,University of Texas Southwestern Med. Ctr_,2015,TX,0,1,1,Urban,0,1,Public R1,Y,N,128,3806,0.4198379601152344,0.48701748850000004,0.2109375,0.421875,0.3671875,2.10194429847609,16.81555438780872,0.0,0.0,0.26274303730951126,0.631578947368421,29.734375,0.421875,0.125,1.3137151865475565,16.027325275880187,0.0,3.941145559642669,-0.07623251947313696,0.27741542863567376,-0.4448077529830805
University of Texas Southwestern Med. Ctr_ || 2016,University of Texas Southwestern Med. Ctr_,2016,TX,0,1,1,Urban,0,1,Public R1,Y,N,225,8169,0.40604075373,0.481096816,0.19555555555555557,0.39111111111111113,0.41333333333333333,2.5706940874035986,10.894846370424778,0.0,0.0,0.12241400416207615,0.6209150326797386,36.306666666666665,0.4888888888888889,0.14666666666666667,1.3465540457828375,20.443138695066715,0.0,3.3051781123760557,0.12966901045581355,-0.06230929491559167,-0.2846973749994807
University of Texas Southwestern Med. Ctr_ || 2017,University of Texas Southwestern Med. Ctr_,2017,TX,0,1,1,Urban,0,1,Public R1,Y,N,124,3806,0.42731934700604834,0.485082252,0.21774193548387097,0.4032258064516129,0.3790322580645161,2.10194429847609,16.81555438780872,0.0,0.0,0.26274303730951126,0.6233766233766234,30.693548387096776,0.41935483870967744,0.12903225806451613,1.3137151865475565,15.764582238570677,0.0,3.941145559642669,-0.06602443068971195,0.2644697711221848,-0.4535838516206219
University of Texas Southwestern Med. Ctr_ || 2018,University of Texas Southwestern Med. Ctr_,2018,TX,0,1,1,Urban,0,1,Public R1,Y,N,123,3811,0.43111281783536587,0.485094007,0.21951219512195122,0.4146341463414634,0.36585365853658536,2.0991865652059825,16.79349252164786,0.0,0.0,0.2623983206507478,0.631578947368421,30.983739837398375,0.42276422764227645,0.13008130081300814,1.3119916032537393,15.74389923904487,0.0,3.9359748097612175,-0.07585410583427843,0.24875078977147116,-0.4549367676473203
University of Texas Southwestern Med. Ctr_ || 2022,University of Texas Southwestern Med. Ctr_,2022,TX,0,1,1,Urban,0,1,Public R1,Y,N,107,4051,0.36257566322523366,0.445310431,0.14953271028037382,0.38317757009345793,0.4672897196261682,3.455936805726981,8.886694643297952,0.0,0.0,0.24685262898049865,0.5714285714285714,37.85981308411215,0.5046728971962616,0.19626168224299065,2.221673660824488,29.62231547765984,0.0,2.9622315477659837,0.33662276529597374,0.08048349837086155,0.3580564855784204
University of Texas Southwestern Med. Ctr_ || 2025,University of Texas Southwestern Med. Ctr_,2025,TX,0,1,1,Urban,0,1,Public R1,Y,N,113,4112,0.355912584829646,0.44531033999999997,0.13274336283185842,0.39823008849557523,0.4690265486725664,3.404669260700389,8.754863813229573,0.0,0.0,0.24319066147859922,0.5714285714285714,36.389380530973455,0.504424778761062,0.18584070796460178,2.188715953307393,29.426070038910506,0.0,2.9182879377431905,0.33588742614698336,0.08986613612273575,0.3388417537002152
University of Texas at Austin || 1978,University of Texas at Austin,1978,TX,0,1,1,Urban,0,1,Public R1,Y,N,2002,68018,0.36603049677784716,0.47780599749999997,0.08091908091908091,0.5584415584415584,0.36063936063936064,1.705430915345938,17.598282807492136,0.6468875885794937,0.0,0.02940398129906789,0.7746394230769231,33.97502497502497,0.43956043956043955,0.13086913086913088,1.1908612426122496,1.4554970743038609,0.05880796259813578,0.48516569143462024,-0.6166054307559308,0.08460362839997922,-0.9787243833418526
University of Texas at Austin || 2011,University of Texas at Austin,2011,TX,0,1,1,Urban,0,1,Public R1,Y,N,107,4740,0.36567616526168223,0.49622149600000004,0.09345794392523364,0.514018691588785,0.3925233644859813,1.6877637130801688,13.924050632911392,0.0,0.0,0.0,0.524390243902439,44.299065420560744,0.5700934579439252,0.18691588785046728,2.5316455696202533,13.50210970464135,0.0,2.5316455696202533,0.07509494116004278,-0.40499998624716765,-0.06132093416826462
University of Texas at Austin || 2013,University of Texas at Austin,2013,TX,0,1,1,Urban,0,1,Public R1,Y,N,40,1601,0.338519609275,0.41257950925,0.075,0.425,0.5,3.123048094940662,19.987507807620236,0.0,0.0,0.0,0.6875,40.025,0.55,0.15,3.7476577139287945,15.61524047470331,0.0,1.8738288569643973,-0.18943848667521293,-0.3601120546159556,0.4763583098024163
University of Texas at Austin || 2015,University of Texas at Austin,2015,TX,0,1,1,Urban,0,1,Public R1,Y,N,81,4444,0.3483361438919753,0.262736974,0.2222222222222222,0.2716049382716049,0.5061728395061729,1.8001800180018002,13.95139513951395,0.0,0.0,0.22502250225022502,0.631578947368421,54.864197530864196,0.6419753086419753,0.1728395061728395,1.125112511251125,13.276327632763277,0.0,3.3753375337533753,-0.021699743419510826,-1.1022205109404053,-0.6091425166465158
University of Texas at Austin || 2016,University of Texas at Austin,2016,TX,0,1,1,Urban,0,1,Public R1,Y,N,79,4394,0.3664899831012658,0.385575102,0.24050632911392406,0.26582278481012656,0.4936708860759494,1.8206645425580337,14.11015020482476,0.0,0.0,0.2275830678197542,0.64,55.620253164556964,0.6835443037974683,0.16455696202531644,1.1379153390987709,12.97223486572599,0.0,3.1861629494765586,-0.034841564739106365,-1.284151864582143,-0.6143819263649465
University of Texas at Austin || 2017,University of Texas at Austin,2017,TX,0,1,1,Urban,0,1,Public R1,Y,N,81,4456,0.36162681027469135,0.359430645,0.20987654320987653,0.2839506172839506,0.5061728395061729,1.7953321364452424,13.913824057450627,0.0,0.0,0.2244165170556553,0.6153846153846154,55.01234567901235,0.6296296296296297,0.1728395061728395,1.1220825852782765,13.016157989228008,0.0,3.1418312387791745,-0.0009154353289087999,-1.0759716181399284,-0.6189965199186804
University of Texas at Austin || 2018,University of Texas at Austin,2018,TX,0,1,1,Urban,0,1,Public R1,Y,N,78,4428,0.35442351710897435,0.23944393549999998,0.23076923076923078,0.2564102564102564,0.5128205128205128,1.8066847335140017,14.001806684733513,0.0,0.0,0.22583559168925021,0.6233766233766234,56.76923076923077,0.6666666666666666,0.1794871794871795,1.1291779584462511,13.098464317976514,0.0,3.1616982836495033,-0.012336800433680508,-1.212669492158029,-0.6135218500986622
University of Texas at Austin || 2021,University of Texas at Austin,2021,TX,0,1,1,Urban,0,1,Public R1,Y,N,74,2326,0.4056552733141892,0.49114406850000003,0.12162162162162163,0.5945945945945946,0.28378378378378377,3.0094582975064488,6.878761822871883,0.0,0.0,0.0,0.75,31.43243243243243,0.43243243243243246,0.10810810810810811,1.7196904557179709,14.617368873602752,0.0,7.308684436801376,0.10595238134376062,0.09463550055050735,-0.3359589170212093
University of Tulsa || 2003,University of Tulsa,2003,OK,1,0,0,Urban,0,1,Private R2,N,N,58,2887,0.3307663073922414,0.2079934135,0.15517241379310345,0.22413793103448276,0.6206896551724138,3.1174229303775545,16.972635954277795,1.0391409767925182,0.0,0.0,0.7083333333333334,49.775862068965516,0.5689655172413793,0.13793103448275862,1.7319016279875303,33.25251125736058,0.0,3.8101835815725664,-0.5748320805869452,-0.8746704594471261,0.29117954506499544
University of Tulsa || 2017,University of Tulsa,2017,OK,1,0,0,Urban,0,1,Private R2,N,N,60,2917,0.3585797793375,0.27804768125,0.2,0.25,0.55,2.742543709290367,16.798080219403495,1.0284538909838874,0.0,0.0,0.6753246753246753,48.61666666666667,0.6333333333333333,0.13333333333333333,1.7140898183064792,33.59616043880699,0.0,4.456633527596846,-0.5541780906556497,-1.018536398155083,0.2958161522168333
University of Utah || 1999,University of Utah,1999,UT,0,1,1,Urban,0,1,Public R1,Y,N,43,1475,0.415194328994186,0.497745706,0.23255813953488372,0.3953488372093023,0.37209302325581395,4.745762711864407,7.457627118644068,0.0,0.0,0.0,0.5909090909090909,34.30232558139535,0.4186046511627907,0.046511627906976744,0.0,40.0,0.0,2.0338983050847457,0.42654075228032456,-0.2968420256796678,-0.14870319059083076
University of Utah || 2013,University of Utah,2013,UT,0,1,1,Urban,0,1,Public R1,Y,N,100,3371,0.40620785886,0.49650220199999995,0.13,0.53,0.34,3.5597745476119846,6.822901216256303,0.2966478789676654,0.0,0.0,0.7076923076923077,33.71,0.45,0.1,0.8899436369029962,29.368140017798876,0.0,4.153070305547315,0.07685194862230457,-0.08653503075449102,-0.16198000981941627
University of Vermont || 2013,University of Vermont,2013,MA,0,1,1,Semi-Urban,1,1,Public R1,Y,Y,182,7008,0.39790007087499996,0.4581900165,0.21428571428571427,0.3241758241758242,0.46153846153846156,3.139269406392694,16.837899543378995,0.0,0.0,0.14269406392694062,0.8115183246073299,38.505494505494504,0.5164835164835165,0.10989010989010989,2.4257990867579906,19.83447488584475,0.14269406392694062,5.422374429223744,-0.23263459716355475,-0.4102288480172338,0.1095337157162165
University of Virginia || 1993,University of Virginia,1993,VA,0,1,1,Semi-Urban,0,1,Public R1,Y,N,50,1804,0.544037499605,0.5003838595,0.24,0.58,0.18,8.314855875831485,8.869179600886918,0.0,0.0,0.0,0.6666666666666666,36.08,0.46,0.1,0.0,46.008869179600886,0.0,0.5543237250554324,0.5777938024414148,-0.21103961875416535,0.05200404473787845
University of Virginia || 2000,University of Virginia,2000,VA,0,1,1,Semi-Urban,0,1,Public R1,Y,N,51,1944,0.5393214558578432,0.501064801,0.2549019607843137,0.5490196078431373,0.19607843137254902,7.716049382716049,8.23045267489712,0.0,0.0,0.0,0.6739130434782609,38.11764705882353,0.49019607843137253,0.09803921568627451,0.0,43.72427983539095,0.0,0.0,0.5393014360923817,-0.38458140956658354,-0.024305423388745084
University of Virginia || 2016,University of Virginia,2016,VA,0,1,1,Semi-Urban,0,1,Public R1,Y,N,18,687,0.39045084783333334,0.3714398945,0.16666666666666666,0.3333333333333333,0.5,7.278020378457059,0.0,0.0,0.0,0.0,0.9090909090909091,38.166666666666664,0.5,0.0,0.0,13.100436681222707,0.0,0.0,0.4514576764128752,-0.903775448577694,-1.0471978696878304
University of Virginia || 2021,University of Virginia,2021,VA,0,1,1,Semi-Urban,0,1,Public R1,Y,N,54,1467,0.5161874645833333,0.49957538,0.24074074074074073,0.5370370370370371,0.2222222222222222,5.453306066802999,12.951601908657123,1.3633265167007498,0.0,0.6816632583503749,0.6363636363636364,27.166666666666668,0.37037037037037035,0.12962962962962962,0.0,44.989775051124745,0.0,0.0,-0.23383942690537754,0.5422208366074777,0.01796443446302931
University of Washington || 2003,University of Washington,2003,WA,0,1,1,Urban,0,1,Public R1,Y,N,140,4510,0.3745824145642857,0.445379497,0.17142857142857143,0.37857142857142856,0.45,2.4390243902439024,15.299334811529933,0.4434589800443459,0.0,0.0,0.624,32.214285714285715,0.42142857142857143,0.12142857142857143,0.4434589800443459,21.95121951219512,0.4434589800443459,1.7738359201773837,-0.2193666364504124,0.15785966425520795,-0.5812232401743981
University of Washington || 2015,University of Washington,2015,WA,0,1,1,Urban,0,1,Public R1,Y,N,236,7572,0.41046024183855934,0.491628722,0.15254237288135594,0.5042372881355932,0.3432203389830508,2.509244585314316,10.433174854727945,0.39619651347068147,0.0,0.0,0.5684210526315789,32.08474576271186,0.3855932203389831,0.11016949152542373,1.1885895404120443,36.05388272583202,0.13206550449022716,1.0565240359218173,0.017686881107190616,0.20081448097054644,0.17605245100475106
University of Washington || 2025,University of Washington,2025,WA,0,1,1,Urban,0,1,Public R1,Y,N,226,7635,0.34543211879070795,0.428969902,0.12389380530973451,0.43805309734513276,0.43805309734513276,1.9646365422396854,7.727570399476097,0.6548788474132285,0.0,0.0,0.6627218934911243,33.783185840707965,0.47345132743362833,0.09292035398230089,0.91683038637852,25.67125081859856,0.3929273084479371,1.7026850032743943,-0.17577677402298972,-0.18658715365532674,-0.2751350922849906
University of Wisconsin-Madison || 2005,University of Wisconsin-Madison,2005,WI,0,1,1,Urban,1,1,Public R1,Y,Y,140,4090,0.44214157845714286,0.4915116915,0.21428571428571427,0.4714285714285714,0.3142857142857143,4.156479217603912,9.535452322738386,0.4889975550122249,0.9779951100244498,0.24449877750611246,0.3287671232876712,29.214285714285715,0.38571428571428573,0.18571428571428572,0.0,24.93887530562347,0.0,4.156479217603912,0.5773870738652817,0.6981964329039257,-0.6517723385448967
University of Wisconsin-Madison || 2008,University of Wisconsin-Madison,2008,WI,0,1,1,Urban,1,1,Public R1,Y,Y,30,856,0.6770934153333333,0.5288847575,0.43333333333333335,0.5,0.06666666666666667,1.1682242990654206,0.0,0.0,0.0,0.0,0.3333333333333333,28.533333333333335,0.4,0.0,1.1682242990654206,60.74766355140187,0.0,0.0,0.6772142394287436,-0.24197641729317812,0.9930472214181759
University of Wisconsin-Madison || 2022,University of Wisconsin-Madison,2022,WI,0,1,1,Urban,1,1,Public R1,Y,Y,28,1073,0.3716405445803571,0.39792389949999996,0.17857142857142858,0.35714285714285715,0.4642857142857143,0.0,12.115563839701771,0.0,0.9319664492078285,0.9319664492078285,0.35714285714285715,38.32142857142857,0.5357142857142857,0.21428571428571427,0.0,39.142590866728796,0.9319664492078285,6.523765144454799,0.42466955698502057,0.07024833202590663,-0.17734222591359317
Utah State University || 1999,Utah State University,1999,UT,0,0,0,Semi-Urban,1,1,Public R2,N,Y,49,1471,0.3748612360357143,0.308421726,0.24489795918367346,0.22448979591836735,0.5306122448979592,3.399048266485384,8.157715839564922,0.6798096532970768,0.0,0.0,0.7272727272727273,30.020408163265305,0.3469387755102041,0.10204081632653061,3.399048266485384,34.67029231815092,2.719238613188307,3.399048266485384,-0.1641550353165023,0.34708011008217937,0.9789234412942461
Utah State University || 2002,Utah State University,2002,UT,0,0,0,Semi-Urban,1,1,Public R2,N,Y,70,2241,0.3493635965,0.3082610195,0.21428571428571427,0.24285714285714285,0.5428571428571428,4.016064257028112,10.7095046854083,0.44622936189201245,0.0,0.0,0.5833333333333334,32.01428571428571,0.42857142857142855,0.14285714285714285,3.5698348951360996,24.9888442659527,1.7849174475680498,4.016064257028112,0.09059140006965644,0.25482592414467126,0.7211482173898881
Utah State University || 2016,Utah State University,2016,UT,0,0,0,Semi-Urban,1,1,Public R2,N,Y,69,2142,0.42712182432246376,0.495958173,0.15942028985507245,0.4782608695652174,0.36231884057971014,2.3342670401493932,9.337068160597573,0.0,0.0,0.0,0.75,31.043478260869566,0.42028985507246375,0.17391304347826086,2.3342670401493932,18.20728291316527,0.4668534080298786,4.6685340802987865,-0.019978338058839806,0.47248022978169396,0.020023066815538726
Vanderbilt University || 2011,Vanderbilt University,2011,TN,1,1,1,Urban,0,1,Private R1,Y,N,69,2668,0.47952487961956525,0.497809442,0.21739130434782608,0.5362318840579711,0.2463768115942029,2.623688155922039,4.497751124437781,0.3748125937031484,0.0,0.0,0.8235294117647058,38.666666666666664,0.4927536231884058,0.17391304347826086,0.3748125937031484,19.11544227886057,0.3748125937031484,2.2488755622188905,-0.10831558673937523,-0.03372479353345655,-0.702311968573017
Vanderbilt University || 2016,Vanderbilt University,2016,TN,1,1,1,Urban,0,1,Private R1,Y,N,92,3106,0.48813860760597827,0.499612049,0.25,0.5,0.25,3.8634900193174504,4.185447520927237,0.3219575016097875,0.0,0.0,0.8205128205128205,33.76086956521739,0.5,0.14130434782608695,1.6097875080489374,14.488087572440437,0.3219575016097875,3.8634900193174504,0.026871961216355673,-0.012784768854344847,-0.3824932702724506
Virginia Commonwealth University || 1999,Virginia Commonwealth University,1999,VA,0,1,1,Urban,0,1,Public R1,Y,N,108,3140,0.4096507612013889,0.48092252725,0.1388888888888889,0.5462962962962963,0.3148148148148148,3.5031847133757963,18.152866242038215,0.0,0.0,0.0,0.7127659574468085,29.074074074074073,0.4074074074074074,0.12962962962962962,0.0,18.78980891719745,0.0,4.140127388535031,-0.13684198942569634,0.36595921641240053,-0.857162417407564
Virginia Commonwealth University || 2003,Virginia Commonwealth University,2003,VA,0,1,1,Urban,0,1,Public R1,Y,N,94,3239,0.40138615370212766,0.483950169,0.14893617021276595,0.5,0.35106382978723405,3.0873726458783572,16.363075023155297,0.30873726458783574,0.0,0.0,0.7195121951219512,34.45744680851064,0.574468085106383,0.1276595744680851,0.0,19.759184933621487,0.30873726458783574,7.409694350108057,-0.2592319891366167,-0.3054469821763685,-0.8247834831297256
Virginia Commonwealth University || 2021,Virginia Commonwealth University,2021,VA,0,1,1,Urban,0,1,Public R1,Y,N,156,5261,0.40359099912499996,0.46257272699999996,0.24358974358974358,0.3269230769230769,0.42948717948717946,2.661091047329405,9.503896597605019,0.38015586390420075,1.3305455236647026,0.0,0.6125,33.72435897435897,0.46794871794871795,0.11538461538461539,1.520623455616803,25.280364949629348,0.38015586390420075,7.793195210036115,0.16143659995062662,-0.05710465953133385,-0.05626129944267397
Virginia Tech || 1990,Virginia Tech,1990,VA,0,1,1,Semi-Urban,1,1,Public R1,Y,Y,114,3425,0.3890160581644737,0.49073906100000003,0.16666666666666666,0.4473684210526316,0.38596491228070173,1.751824817518248,20.437956204379564,0.29197080291970806,0.0,0.0,0.6991150442477876,30.04385964912281,0.3508771929824561,0.13157894736842105,0.5839416058394161,30.364963503649633,0.0,6.7153284671532845,-0.45275749147755334,0.4838395278776302,-0.24622633895898546
Virginia Tech || 2008,Virginia Tech,2008,VA,0,1,1,Semi-Urban,1,1,Public R1,Y,Y,74,2864,0.505373141777027,0.50106422,0.20270270270270271,0.6081081081081081,0.1891891891891892,2.094972067039106,12.220670391061452,0.0,0.0,0.0,0.7213114754098361,38.7027027027027,0.5135135135135135,0.21621621621621623,0.0,12.569832402234638,0.0,6.983240223463687,-0.08759316799879673,0.12236506636473828,-1.064921024362393
Virginia Tech || 2013,Virginia Tech,2013,VA,0,1,1,Semi-Urban,1,1,Public R1,Y,Y,71,2448,0.4729241954330986,0.498946939,0.19718309859154928,0.5774647887323944,0.22535211267605634,2.450980392156863,9.395424836601308,0.0,0.0,0.0,0.6666666666666666,34.478873239436616,0.4788732394366197,0.14084507042253522,0.8169934640522876,12.254901960784313,0.0,10.212418300653596,0.09140659558495463,0.010573040980517187,-0.7616152560134872
Virginia Tech || 2015,Virginia Tech,2015,VA,0,1,1,Semi-Urban,1,1,Public R1,Y,Y,85,2937,0.48858449634117646,0.500052637,0.24705882352941178,0.5294117647058824,0.2235294117647059,2.383384405856316,9.874021109976166,0.0,0.0,0.0,0.639344262295082,34.55294117647059,0.4588235294117647,0.11764705882352941,1.361933946203609,13.619339462036091,0.0,11.916922029281581,0.10602277282235563,-0.05617739458058273,-0.5067170111424548
Virginia Tech || 2021,Virginia Tech,2021,VA,0,1,1,Semi-Urban,1,1,Public R1,Y,Y,86,3112,0.47251881138662793,0.500219446,0.2441860465116279,0.46511627906976744,0.29069767441860467,2.5706940874035986,9.640102827763496,0.0,0.0,0.0,0.639344262295082,36.18604651162791,0.47674418604651164,0.12790697674418605,1.2853470437017993,13.174807197943444,0.0,12.210796915167094,0.1278911072876797,-0.11948000134652143,-0.5509839037807459
Wake Forest University || 1993,Wake Forest University,1993,NC,1,0,1,Urban,0,1,Private R2,Y,N,45,1473,0.41054479206666666,0.495085925,0.08888888888888889,0.6222222222222222,0.28888888888888886,3.3944331296673456,3.3944331296673456,0.678886625933469,0.0,0.0,0.8,32.733333333333334,0.35555555555555557,0.13333333333333333,0.0,30.54989816700611,0.678886625933469,1.357773251866938,-0.11572575402557565,0.3688452260703477,-0.4643538988661859
Wake Forest University || 1999,Wake Forest University,1999,NC,1,0,1,Urban,0,1,Private R2,Y,N,57,1724,0.4214899356140351,0.49568132000000004,0.10526315789473684,0.6140350877192983,0.2807017543859649,4.060324825986079,3.480278422273782,0.580046403712297,0.0,0.0,0.7708333333333334,30.24561403508772,0.2982456140350877,0.10526315789473684,0.0,30.162412993039442,0.580046403712297,1.740139211136891,0.014071714400829475,0.48165201206423003,-0.47729661332263196
Wake Forest University || 2017,Wake Forest University,2017,NC,1,0,1,Urban,0,1,Private R2,Y,N,248,7950,0.4420991960856855,0.49327927650000003,0.2056451612903226,0.45564516129032256,0.3387096774193548,5.786163522012578,6.666666666666667,0.0,0.0,0.25157232704402516,0.6388888888888888,32.056451612903224,0.45161290322580644,0.0967741935483871,0.7547169811320754,8.427672955974844,0.0,3.647798742138365,0.5051902571806279,-0.038375601668640257,-0.9133734704001575
Wake Forest University || 2021,Wake Forest University,2021,NC,1,0,1,Urban,0,1,Private R2,Y,N,67,2152,0.3716814204813433,0.44249545199999996,0.1791044776119403,0.34328358208955223,0.47761194029850745,2.3234200743494426,11.617100371747211,0.0,0.0,0.0,0.6511627906976745,32.11940298507463,0.3582089552238806,0.11940298507462686,4.646840148698885,24.163568773234203,0.0,13.475836431226766,0.03566274237014108,0.3175105567209982,1.1072837299386378
Wake Forest University || 2025,Wake Forest University,2025,NC,1,0,1,Urban,0,1,Private R2,Y,N,118,3836,0.44935332781144066,0.49238271675,0.23728813559322035,0.4491525423728814,0.3135593220338983,7.299270072992701,10.688216892596456,0.0,0.0,0.0,0.6818181818181818,32.50847457627118,0.4576271186440678,0.1016949152542373,1.8248175182481752,9.645464025026069,0.0,5.474452554744526,0.4243063014052082,-0.048231465561153854,-0.46164804528135933
Washington State University || 2014,Washington State University,2014,WA,0,1,1,Rural,1,1,Public R1,Y,Y,189,5325,0.3448700267875661,0.39962187,0.1693121693121693,0.3386243386243386,0.49206349206349204,2.2535211267605635,15.023474178403756,0.0,0.18779342723004694,0.18779342723004694,0.7189542483660131,28.174603174603174,0.3386243386243386,0.15343915343915343,1.1267605633802817,29.859154929577468,0.0,6.760563380281691,-0.10847375008072065,0.7030707460329123,-0.054612662108402744
Washington State University || 2016,Washington State University,2016,WA,0,1,1,Rural,1,1,Public R1,Y,Y,254,7896,0.3672708539405512,0.406115063,0.1968503937007874,0.3464566929133858,0.4566929133858268,1.7730496453900708,12.411347517730498,0.0,0.12664640324214793,0.12664640324214793,0.6926605504587156,31.086614173228348,0.3937007874015748,0.12598425196850394,0.7598784194528876,20.896656534954406,0.0,4.559270516717325,-0.052881094162398785,0.3002023665436961,-0.4949039618686383
Washington State University || 2023,Washington State University,2023,WA,0,1,1,Rural,1,1,Public R1,Y,Y,289,8621,0.40829671478910035,0.472069992,0.1695501730103806,0.4671280276816609,0.3633217993079585,2.667903955457603,8.00371186637281,0.23199164830066116,0.0,0.0,0.5363636363636364,29.830449826989618,0.3391003460207612,0.13494809688581316,0.34798747245099176,30.738893399837607,0.0,4.871824614313884,0.2118056345647881,0.5404757161114608,-0.32437152835405975
Washington University in St. Louis || 2014,Washington University in St. Louis,2014,MO,1,1,1,Urban,0,1,Private R1,Y,N,327,8707,0.47714663755275233,0.496921913,0.23547400611620795,0.4984709480122324,0.26605504587155965,6.2019065120018375,12.978063626966808,0.8039508441483864,0.0,0.4594004823705065,0.411214953271028,26.62691131498471,0.27522935779816515,0.11009174311926606,0.34455036177787984,25.49672677156311,0.918800964741013,3.3306534971861717,0.318293872726382,0.7162867228203412,-0.5007897635488381
Washington University in St. Louis || 2023,Washington University in St. Louis,2023,MO,1,1,1,Urban,0,1,Private R1,Y,N,319,8656,0.4766234729020376,0.496625924,0.25391849529780564,0.4702194357366771,0.27586206896551724,6.238447319778189,10.397412199630313,0.8086876155268022,0.0,0.23105360443622922,0.4088888888888889,27.134796238244515,0.30407523510971785,0.11912225705329153,0.5776340110905731,25.87800369685767,0.9242144177449169,3.812384473197782,0.36855609941078665,0.6648118922406937,-0.398521898806388
Wayne State University || 1998,Wayne State University,1998,MI,0,1,1,Urban,0,1,Public R1,Y,N,159,4767,0.40353417821069176,0.46769838999999996,0.22012578616352202,0.37735849056603776,0.4025157232704403,6.503041745332494,10.488777008600797,0.6293266205160478,0.4195510803440319,0.0,0.7142857142857143,29.9811320754717,0.4025157232704403,0.16352201257861634,0.20977554017201594,52.863436123348016,0.0,6.083490664988462,0.10313771289406713,0.511075757042475,0.36153849791233106
West Virginia University || 1999,West Virginia University,1999,WV,0,1,1,Semi-Urban,1,1,Public R1,Y,Y,55,1731,0.42371141938181817,0.495479254,0.2,0.36363636363636365,0.43636363636363634,2.310803004043905,9.820912767186597,0.0,0.0,0.0,0.6382978723404256,31.472727272727273,0.45454545454545453,0.14545454545454545,0.5777007510109763,47.37146158290006,0.0,5.7770075101097635,0.10304347602698571,0.22215203427661132,0.3194245942776249
West Virginia University || 2006,West Virginia University,2006,WV,0,1,1,Semi-Urban,1,1,Public R1,Y,Y,57,1478,0.39611781447807015,0.493908627,0.14035087719298245,0.49122807017543857,0.3684210526315789,4.059539918809201,23.004059539918806,0.0,0.0,0.0,0.8085106382978723,25.92982456140351,0.2807017543859649,0.22807017543859648,1.3531799729364007,19.621109607577807,0.0,2.0297699594046006,-0.35278670929585054,1.3222196985525532,-0.3096094887553908
West Virginia University || 2016,West Virginia University,2016,WV,0,1,1,Semi-Urban,1,1,Public R1,Y,Y,60,1646,0.3721849621458333,0.469154047,0.1,0.48333333333333334,0.4166666666666667,3.6452004860267313,21.87120291616039,0.0,0.0,1.215066828675577,0.7843137254901961,27.433333333333334,0.3333333333333333,0.25,1.215066828675577,18.833535844471445,0.0,1.8226002430133657,-0.16971240056925554,1.2317163884093147,-0.38896816808996676
West Virginia University || 2019,West Virginia University,2019,WV,0,1,1,Semi-Urban,1,1,Public R1,Y,Y,84,3530,0.2641640066488095,0.0953730375,0.08333333333333333,0.3333333333333333,0.5833333333333334,0.8498583569405099,11.61473087818697,1.41643059490085,0.0,0.0,0.8035714285714286,42.023809523809526,0.4880952380952381,0.25,4.81586402266289,22.6628895184136,0.0,4.53257790368272,-0.8815284426500295,0.22069938086019078,1.12208405369476
Yale University || 1998,Yale University,1998,CT,1,1,1,Urban,0,1,Private R1,Y,N,70,2229,0.4467076846035714,0.490591046,0.24285714285714285,0.37142857142857144,0.38571428571428573,4.486316733961417,13.01031852848811,0.0,0.0,0.0,0.78125,31.84285714285714,0.44285714285714284,0.08571428571428572,0.44863167339614174,49.79811574697174,0.0,1.3458950201884252,0.006876763787367087,-0.06198642254334338,0.3509010376957546
Yale University || 2023,Yale University,2023,CT,1,1,1,Urban,0,1,Private R1,Y,N,75,2375,0.4052685871066667,0.485689743,0.21333333333333335,0.37333333333333335,0.41333333333333333,3.368421052631579,14.31578947368421,0.0,0.0,0.0,0.8115942028985508,31.666666666666668,0.37333333333333335,0.08,0.8421052631578948,42.10526315789473,0.0,2.526315789473684,-0.15875957744863836,0.09908590043985437,0.2450874664994469
